2024-02-15 15:08:04.613 [warning] [cmake-tools]: Couldn't find message for key cmake-tools.configuration.cmake.options.advanced.statusBarLength.description.
2024-02-15 15:08:04.613 [warning] [cmake-tools]: Couldn't find message for key cmake-tools.configuration.cmake.options.advanced.statusBarLength.description.
2024-02-15 15:08:04.613 [warning] [cmake-tools]: Couldn't find message for key cmake-tools.configuration.cmake.options.advanced.statusBarLength.description.
2024-02-15 15:08:04.613 [warning] [cmake-tools]: Couldn't find message for key cmake-tools.configuration.cmake.options.advanced.statusBarLength.description.
2024-02-15 15:08:04.614 [warning] [cmake-tools]: Couldn't find message for key cmake-tools.configuration.cmake.options.advanced.statusBarLength.description.
2024-02-15 15:08:04.614 [warning] [cmake-tools]: Couldn't find message for key cmake-tools.configuration.cmake.options.advanced.statusBarLength.description.
2024-02-15 15:08:04.614 [warning] [cmake-tools]: Couldn't find message for key cmake-tools.configuration.cmake.options.advanced.statusBarLength.description.
2024-02-15 15:08:04.614 [warning] [cmake-tools]: Couldn't find message for key cmake-tools.configuration.cmake.options.advanced.statusBarLength.description.
2024-02-15 15:08:04.615 [warning] [cmake-tools]: Couldn't find message for key cmake-tools.configuration.cmake.options.advanced.statusBarLength.description.
2024-02-15 15:08:04.616 [warning] [cmake-tools]: Couldn't find message for key cmake-tools.configuration.cmake.options.advanced.statusBarLength.description.
2024-02-15 15:08:04.616 [warning] [cmake-tools]: Couldn't find message for key cmake-tools.configuration.cmake.options.advanced.statusBarLength.description.
2024-02-15 15:08:04.616 [warning] [cmake-tools]: Couldn't find message for key cmake-tools.configuration.cmake.options.advanced.statusBarLength.description.
2024-02-15 15:08:04.625 [warning] [cmake-tools]: Couldn't find message for key cmake-tools.configuration.cmake.options.advanced.statusBarLength.description.
2024-02-15 15:08:04.625 [warning] [cmake-tools]: Couldn't find message for key cmake-tools.configuration.cmake.options.advanced.statusBarLength.description.
2024-02-15 15:08:04.625 [warning] [cmake-tools]: Couldn't find message for key cmake-tools.configuration.cmake.options.advanced.statusBarLength.description.
2024-02-15 15:08:04.626 [warning] [cmake-tools]: Couldn't find message for key cmake-tools.configuration.cmake.options.advanced.statusBarLength.description.
2024-02-15 15:08:04.626 [warning] [cmake-tools]: Couldn't find message for key cmake-tools.configuration.cmake.options.advanced.statusBarLength.description.
2024-02-15 15:08:04.626 [warning] [cmake-tools]: Couldn't find message for key cmake-tools.configuration.cmake.options.advanced.statusBarLength.description.
2024-02-15 15:08:04.626 [warning] [cmake-tools]: Couldn't find message for key cmake-tools.configuration.cmake.options.advanced.statusBarLength.description.
2024-02-15 15:08:04.626 [warning] [cmake-tools]: Couldn't find message for key cmake-tools.configuration.cmake.options.advanced.statusBarLength.description.
2024-02-15 15:08:04.626 [warning] [cmake-tools]: Couldn't find message for key cmake-tools.configuration.cmake.options.advanced.statusBarLength.description.
2024-02-15 15:08:04.626 [warning] [cmake-tools]: Couldn't find message for key cmake-tools.configuration.cmake.options.advanced.statusBarLength.description.
2024-02-15 15:08:04.626 [warning] [cmake-tools]: Couldn't find message for key cmake-tools.configuration.cmake.options.advanced.statusBarLength.description.
2024-02-15 15:08:04.626 [warning] [cmake-tools]: Couldn't find message for key cmake-tools.configuration.cmake.options.advanced.statusBarLength.description.
2024-02-15 15:08:04.655 [warning] [cmake-tools]: Couldn't find message for key cmake-tools.configuration.cmake.options.advanced.statusBarLength.description.
2024-02-15 15:08:04.655 [warning] [cmake-tools]: Couldn't find message for key cmake-tools.configuration.cmake.options.advanced.statusBarLength.description.
2024-02-15 15:08:04.655 [warning] [cmake-tools]: Couldn't find message for key cmake-tools.configuration.cmake.options.advanced.statusBarLength.description.
2024-02-15 15:08:04.655 [warning] [cmake-tools]: Couldn't find message for key cmake-tools.configuration.cmake.options.advanced.statusBarLength.description.
2024-02-15 15:08:04.655 [warning] [cmake-tools]: Couldn't find message for key cmake-tools.configuration.cmake.options.advanced.statusBarLength.description.
2024-02-15 15:08:04.655 [warning] [cmake-tools]: Couldn't find message for key cmake-tools.configuration.cmake.options.advanced.statusBarLength.description.
2024-02-15 15:08:04.655 [warning] [cmake-tools]: Couldn't find message for key cmake-tools.configuration.cmake.options.advanced.statusBarLength.description.
2024-02-15 15:08:04.656 [warning] [cmake-tools]: Couldn't find message for key cmake-tools.configuration.cmake.options.advanced.statusBarLength.description.
2024-02-15 15:08:04.656 [warning] [cmake-tools]: Couldn't find message for key cmake-tools.configuration.cmake.options.advanced.statusBarLength.description.
2024-02-15 15:08:04.656 [warning] [cmake-tools]: Couldn't find message for key cmake-tools.configuration.cmake.options.advanced.statusBarLength.description.
2024-02-15 15:08:04.656 [warning] [cmake-tools]: Couldn't find message for key cmake-tools.configuration.cmake.options.advanced.statusBarLength.description.
2024-02-15 15:08:04.656 [warning] [cmake-tools]: Couldn't find message for key cmake-tools.configuration.cmake.options.advanced.statusBarLength.description.
2024-02-15 15:08:04.662 [warning] [cmake-tools]: Couldn't find message for key cmake-tools.configuration.cmake.options.advanced.statusBarLength.description.
2024-02-15 15:08:04.662 [warning] [cmake-tools]: Couldn't find message for key cmake-tools.configuration.cmake.options.advanced.statusBarLength.description.
2024-02-15 15:08:04.662 [warning] [cmake-tools]: Couldn't find message for key cmake-tools.configuration.cmake.options.advanced.statusBarLength.description.
2024-02-15 15:08:04.662 [warning] [cmake-tools]: Couldn't find message for key cmake-tools.configuration.cmake.options.advanced.statusBarLength.description.
2024-02-15 15:08:04.662 [warning] [cmake-tools]: Couldn't find message for key cmake-tools.configuration.cmake.options.advanced.statusBarLength.description.
2024-02-15 15:08:04.662 [warning] [cmake-tools]: Couldn't find message for key cmake-tools.configuration.cmake.options.advanced.statusBarLength.description.
2024-02-15 15:08:04.662 [warning] [cmake-tools]: Couldn't find message for key cmake-tools.configuration.cmake.options.advanced.statusBarLength.description.
2024-02-15 15:08:04.662 [warning] [cmake-tools]: Couldn't find message for key cmake-tools.configuration.cmake.options.advanced.statusBarLength.description.
2024-02-15 15:08:04.663 [warning] [cmake-tools]: Couldn't find message for key cmake-tools.configuration.cmake.options.advanced.statusBarLength.description.
2024-02-15 15:08:04.663 [warning] [cmake-tools]: Couldn't find message for key cmake-tools.configuration.cmake.options.advanced.statusBarLength.description.
2024-02-15 15:08:04.663 [warning] [cmake-tools]: Couldn't find message for key cmake-tools.configuration.cmake.options.advanced.statusBarLength.description.
2024-02-15 15:08:04.663 [warning] [cmake-tools]: Couldn't find message for key cmake-tools.configuration.cmake.options.advanced.statusBarLength.description.
2024-02-15 15:08:04.686 [warning] [cmake-tools]: Couldn't find message for key cmake-tools.configuration.cmake.options.advanced.statusBarLength.description.
2024-02-15 15:08:04.686 [warning] [cmake-tools]: Couldn't find message for key cmake-tools.configuration.cmake.options.advanced.statusBarLength.description.
2024-02-15 15:08:04.686 [warning] [cmake-tools]: Couldn't find message for key cmake-tools.configuration.cmake.options.advanced.statusBarLength.description.
2024-02-15 15:08:04.686 [warning] [cmake-tools]: Couldn't find message for key cmake-tools.configuration.cmake.options.advanced.statusBarLength.description.
2024-02-15 15:08:04.686 [warning] [cmake-tools]: Couldn't find message for key cmake-tools.configuration.cmake.options.advanced.statusBarLength.description.
2024-02-15 15:08:04.687 [warning] [cmake-tools]: Couldn't find message for key cmake-tools.configuration.cmake.options.advanced.statusBarLength.description.
2024-02-15 15:08:04.687 [warning] [cmake-tools]: Couldn't find message for key cmake-tools.configuration.cmake.options.advanced.statusBarLength.description.
2024-02-15 15:08:04.687 [warning] [cmake-tools]: Couldn't find message for key cmake-tools.configuration.cmake.options.advanced.statusBarLength.description.
2024-02-15 15:08:04.687 [warning] [cmake-tools]: Couldn't find message for key cmake-tools.configuration.cmake.options.advanced.statusBarLength.description.
2024-02-15 15:08:04.687 [warning] [cmake-tools]: Couldn't find message for key cmake-tools.configuration.cmake.options.advanced.statusBarLength.description.
2024-02-15 15:08:04.687 [warning] [cmake-tools]: Couldn't find message for key cmake-tools.configuration.cmake.options.advanced.statusBarLength.description.
2024-02-15 15:08:04.687 [warning] [cmake-tools]: Couldn't find message for key cmake-tools.configuration.cmake.options.advanced.statusBarLength.description.
2024-02-15 15:08:05.041 [warning] [cmake-tools]: Couldn't find message for key cmake-tools.configuration.cmake.options.advanced.statusBarLength.description.
2024-02-15 15:08:05.041 [warning] [cmake-tools]: Couldn't find message for key cmake-tools.configuration.cmake.options.advanced.statusBarLength.description.
2024-02-15 15:08:05.042 [warning] [cmake-tools]: Couldn't find message for key cmake-tools.configuration.cmake.options.advanced.statusBarLength.description.
2024-02-15 15:08:05.042 [warning] [cmake-tools]: Couldn't find message for key cmake-tools.configuration.cmake.options.advanced.statusBarLength.description.
2024-02-15 15:08:05.042 [warning] [cmake-tools]: Couldn't find message for key cmake-tools.configuration.cmake.options.advanced.statusBarLength.description.
2024-02-15 15:08:05.042 [warning] [cmake-tools]: Couldn't find message for key cmake-tools.configuration.cmake.options.advanced.statusBarLength.description.
2024-02-15 15:08:05.042 [warning] [cmake-tools]: Couldn't find message for key cmake-tools.configuration.cmake.options.advanced.statusBarLength.description.
2024-02-15 15:08:05.042 [warning] [cmake-tools]: Couldn't find message for key cmake-tools.configuration.cmake.options.advanced.statusBarLength.description.
2024-02-15 15:08:05.042 [warning] [cmake-tools]: Couldn't find message for key cmake-tools.configuration.cmake.options.advanced.statusBarLength.description.
2024-02-15 15:08:05.042 [warning] [cmake-tools]: Couldn't find message for key cmake-tools.configuration.cmake.options.advanced.statusBarLength.description.
2024-02-15 15:08:05.042 [warning] [cmake-tools]: Couldn't find message for key cmake-tools.configuration.cmake.options.advanced.statusBarLength.description.
2024-02-15 15:08:05.043 [warning] [cmake-tools]: Couldn't find message for key cmake-tools.configuration.cmake.options.advanced.statusBarLength.description.
2024-02-15 15:08:05.059 [warning] [cmake-tools]: Couldn't find message for key cmake-tools.configuration.cmake.options.advanced.statusBarLength.description.
2024-02-15 15:08:05.059 [warning] [cmake-tools]: Couldn't find message for key cmake-tools.configuration.cmake.options.advanced.statusBarLength.description.
2024-02-15 15:08:05.059 [warning] [cmake-tools]: Couldn't find message for key cmake-tools.configuration.cmake.options.advanced.statusBarLength.description.
2024-02-15 15:08:05.059 [warning] [cmake-tools]: Couldn't find message for key cmake-tools.configuration.cmake.options.advanced.statusBarLength.description.
2024-02-15 15:08:05.059 [warning] [cmake-tools]: Couldn't find message for key cmake-tools.configuration.cmake.options.advanced.statusBarLength.description.
2024-02-15 15:08:05.059 [warning] [cmake-tools]: Couldn't find message for key cmake-tools.configuration.cmake.options.advanced.statusBarLength.description.
2024-02-15 15:08:05.060 [warning] [cmake-tools]: Couldn't find message for key cmake-tools.configuration.cmake.options.advanced.statusBarLength.description.
2024-02-15 15:08:05.060 [warning] [cmake-tools]: Couldn't find message for key cmake-tools.configuration.cmake.options.advanced.statusBarLength.description.
2024-02-15 15:08:05.060 [warning] [cmake-tools]: Couldn't find message for key cmake-tools.configuration.cmake.options.advanced.statusBarLength.description.
2024-02-15 15:08:05.060 [warning] [cmake-tools]: Couldn't find message for key cmake-tools.configuration.cmake.options.advanced.statusBarLength.description.
2024-02-15 15:08:05.060 [warning] [cmake-tools]: Couldn't find message for key cmake-tools.configuration.cmake.options.advanced.statusBarLength.description.
2024-02-15 15:08:05.060 [warning] [cmake-tools]: Couldn't find message for key cmake-tools.configuration.cmake.options.advanced.statusBarLength.description.
2024-02-15 15:08:05.263 [warning] [cmake-tools]: Couldn't find message for key cmake-tools.configuration.cmake.options.advanced.statusBarLength.description.
2024-02-15 15:08:05.263 [warning] [cmake-tools]: Couldn't find message for key cmake-tools.configuration.cmake.options.advanced.statusBarLength.description.
2024-02-15 15:08:05.263 [warning] [cmake-tools]: Couldn't find message for key cmake-tools.configuration.cmake.options.advanced.statusBarLength.description.
2024-02-15 15:08:05.263 [warning] [cmake-tools]: Couldn't find message for key cmake-tools.configuration.cmake.options.advanced.statusBarLength.description.
2024-02-15 15:08:05.263 [warning] [cmake-tools]: Couldn't find message for key cmake-tools.configuration.cmake.options.advanced.statusBarLength.description.
2024-02-15 15:08:05.263 [warning] [cmake-tools]: Couldn't find message for key cmake-tools.configuration.cmake.options.advanced.statusBarLength.description.
2024-02-15 15:08:05.264 [warning] [cmake-tools]: Couldn't find message for key cmake-tools.configuration.cmake.options.advanced.statusBarLength.description.
2024-02-15 15:08:05.264 [warning] [cmake-tools]: Couldn't find message for key cmake-tools.configuration.cmake.options.advanced.statusBarLength.description.
2024-02-15 15:08:05.264 [warning] [cmake-tools]: Couldn't find message for key cmake-tools.configuration.cmake.options.advanced.statusBarLength.description.
2024-02-15 15:08:05.264 [warning] [cmake-tools]: Couldn't find message for key cmake-tools.configuration.cmake.options.advanced.statusBarLength.description.
2024-02-15 15:08:05.264 [warning] [cmake-tools]: Couldn't find message for key cmake-tools.configuration.cmake.options.advanced.statusBarLength.description.
2024-02-15 15:08:05.264 [warning] [cmake-tools]: Couldn't find message for key cmake-tools.configuration.cmake.options.advanced.statusBarLength.description.
2024-02-15 15:08:05.585 [warning] [cmake-tools]: Couldn't find message for key cmake-tools.configuration.cmake.options.advanced.statusBarLength.description.
2024-02-15 15:08:05.585 [warning] [cmake-tools]: Couldn't find message for key cmake-tools.configuration.cmake.options.advanced.statusBarLength.description.
2024-02-15 15:08:05.585 [warning] [cmake-tools]: Couldn't find message for key cmake-tools.configuration.cmake.options.advanced.statusBarLength.description.
2024-02-15 15:08:05.586 [warning] [cmake-tools]: Couldn't find message for key cmake-tools.configuration.cmake.options.advanced.statusBarLength.description.
2024-02-15 15:08:05.587 [warning] [cmake-tools]: Couldn't find message for key cmake-tools.configuration.cmake.options.advanced.statusBarLength.description.
2024-02-15 15:08:05.587 [warning] [cmake-tools]: Couldn't find message for key cmake-tools.configuration.cmake.options.advanced.statusBarLength.description.
2024-02-15 15:08:05.587 [warning] [cmake-tools]: Couldn't find message for key cmake-tools.configuration.cmake.options.advanced.statusBarLength.description.
2024-02-15 15:08:05.587 [warning] [cmake-tools]: Couldn't find message for key cmake-tools.configuration.cmake.options.advanced.statusBarLength.description.
2024-02-15 15:08:05.589 [warning] [cmake-tools]: Couldn't find message for key cmake-tools.configuration.cmake.options.advanced.statusBarLength.description.
2024-02-15 15:08:05.590 [warning] [cmake-tools]: Couldn't find message for key cmake-tools.configuration.cmake.options.advanced.statusBarLength.description.
2024-02-15 15:08:05.590 [warning] [cmake-tools]: Couldn't find message for key cmake-tools.configuration.cmake.options.advanced.statusBarLength.description.
2024-02-15 15:08:05.590 [warning] [cmake-tools]: Couldn't find message for key cmake-tools.configuration.cmake.options.advanced.statusBarLength.description.
2024-02-15 15:08:06.068 [warning] [cmake-tools]: Couldn't find message for key cmake-tools.configuration.cmake.options.advanced.statusBarLength.description.
2024-02-15 15:08:06.069 [warning] [cmake-tools]: Couldn't find message for key cmake-tools.configuration.cmake.options.advanced.statusBarLength.description.
2024-02-15 15:08:06.069 [warning] [cmake-tools]: Couldn't find message for key cmake-tools.configuration.cmake.options.advanced.statusBarLength.description.
2024-02-15 15:08:06.069 [warning] [cmake-tools]: Couldn't find message for key cmake-tools.configuration.cmake.options.advanced.statusBarLength.description.
2024-02-15 15:08:06.069 [warning] [cmake-tools]: Couldn't find message for key cmake-tools.configuration.cmake.options.advanced.statusBarLength.description.
2024-02-15 15:08:06.069 [warning] [cmake-tools]: Couldn't find message for key cmake-tools.configuration.cmake.options.advanced.statusBarLength.description.
2024-02-15 15:08:06.070 [warning] [cmake-tools]: Couldn't find message for key cmake-tools.configuration.cmake.options.advanced.statusBarLength.description.
2024-02-15 15:08:06.070 [warning] [cmake-tools]: Couldn't find message for key cmake-tools.configuration.cmake.options.advanced.statusBarLength.description.
2024-02-15 15:08:06.071 [warning] [cmake-tools]: Couldn't find message for key cmake-tools.configuration.cmake.options.advanced.statusBarLength.description.
2024-02-15 15:08:06.071 [warning] [cmake-tools]: Couldn't find message for key cmake-tools.configuration.cmake.options.advanced.statusBarLength.description.
2024-02-15 15:08:06.071 [warning] [cmake-tools]: Couldn't find message for key cmake-tools.configuration.cmake.options.advanced.statusBarLength.description.
2024-02-15 15:08:06.071 [warning] [cmake-tools]: Couldn't find message for key cmake-tools.configuration.cmake.options.advanced.statusBarLength.description.
2024-02-15 15:08:06.514 [error] [uncaught exception in sharedProcess]: Event not found: onDidChange: CodeExpectedError: Event not found: onDidChange
    at Object.listen (c:\Users\kotha\AppData\Local\Programs\Microsoft VS Code\resources\app\out\vs\code\node\sharedProcess\sharedProcessMain.js:45:4959)
    at E.t (c:\Users\kotha\AppData\Local\Programs\Microsoft VS Code\resources\app\out\vs\code\node\sharedProcess\sharedProcessMain.js:44:251)
    at E.q (c:\Users\kotha\AppData\Local\Programs\Microsoft VS Code\resources\app\out\vs\code\node\sharedProcess\sharedProcessMain.js:43:4371)
    at w.value (c:\Users\kotha\AppData\Local\Programs\Microsoft VS Code\resources\app\out\vs\code\node\sharedProcess\sharedProcessMain.js:43:3602)
    at d.y (c:\Users\kotha\AppData\Local\Programs\Microsoft VS Code\resources\app\out\vs\code\node\sharedProcess\sharedProcessMain.js:38:1902)
    at d.z (c:\Users\kotha\AppData\Local\Programs\Microsoft VS Code\resources\app\out\vs\code\node\sharedProcess\sharedProcessMain.js:38:1972)
    at d.fire (c:\Users\kotha\AppData\Local\Programs\Microsoft VS Code\resources\app\out\vs\code\node\sharedProcess\sharedProcessMain.js:38:2188)
    at MessagePortMain.de (c:\Users\kotha\AppData\Local\Programs\Microsoft VS Code\resources\app\out\vs\code\node\sharedProcess\sharedProcessMain.js:36:30422)
    at MessagePortMain.emit (node:events:514:28)
    at Object.emit (node:electron/js2c/utility_init:2:2285)
2024-02-15 15:08:06.606 [warning] [cmake-tools]: Couldn't find message for key cmake-tools.configuration.cmake.options.advanced.statusBarLength.description.
2024-02-15 15:08:06.606 [warning] [cmake-tools]: Couldn't find message for key cmake-tools.configuration.cmake.options.advanced.statusBarLength.description.
2024-02-15 15:08:06.607 [warning] [cmake-tools]: Couldn't find message for key cmake-tools.configuration.cmake.options.advanced.statusBarLength.description.
2024-02-15 15:08:06.607 [warning] [cmake-tools]: Couldn't find message for key cmake-tools.configuration.cmake.options.advanced.statusBarLength.description.
2024-02-15 15:08:06.607 [warning] [cmake-tools]: Couldn't find message for key cmake-tools.configuration.cmake.options.advanced.statusBarLength.description.
2024-02-15 15:08:06.607 [warning] [cmake-tools]: Couldn't find message for key cmake-tools.configuration.cmake.options.advanced.statusBarLength.description.
2024-02-15 15:08:06.607 [warning] [cmake-tools]: Couldn't find message for key cmake-tools.configuration.cmake.options.advanced.statusBarLength.description.
2024-02-15 15:08:06.607 [warning] [cmake-tools]: Couldn't find message for key cmake-tools.configuration.cmake.options.advanced.statusBarLength.description.
2024-02-15 15:08:06.607 [warning] [cmake-tools]: Couldn't find message for key cmake-tools.configuration.cmake.options.advanced.statusBarLength.description.
2024-02-15 15:08:06.607 [warning] [cmake-tools]: Couldn't find message for key cmake-tools.configuration.cmake.options.advanced.statusBarLength.description.
2024-02-15 15:08:06.607 [warning] [cmake-tools]: Couldn't find message for key cmake-tools.configuration.cmake.options.advanced.statusBarLength.description.
2024-02-15 15:08:06.608 [warning] [cmake-tools]: Couldn't find message for key cmake-tools.configuration.cmake.options.advanced.statusBarLength.description.
2024-02-15 15:08:06.730 [warning] [cmake-tools]: Couldn't find message for key cmake-tools.configuration.cmake.options.advanced.statusBarLength.description.
2024-02-15 15:08:06.730 [warning] [cmake-tools]: Couldn't find message for key cmake-tools.configuration.cmake.options.advanced.statusBarLength.description.
2024-02-15 15:08:06.731 [warning] [cmake-tools]: Couldn't find message for key cmake-tools.configuration.cmake.options.advanced.statusBarLength.description.
2024-02-15 15:08:06.731 [warning] [cmake-tools]: Couldn't find message for key cmake-tools.configuration.cmake.options.advanced.statusBarLength.description.
2024-02-15 15:08:06.731 [warning] [cmake-tools]: Couldn't find message for key cmake-tools.configuration.cmake.options.advanced.statusBarLength.description.
2024-02-15 15:08:06.732 [warning] [cmake-tools]: Couldn't find message for key cmake-tools.configuration.cmake.options.advanced.statusBarLength.description.
2024-02-15 15:08:06.732 [warning] [cmake-tools]: Couldn't find message for key cmake-tools.configuration.cmake.options.advanced.statusBarLength.description.
2024-02-15 15:08:06.732 [warning] [cmake-tools]: Couldn't find message for key cmake-tools.configuration.cmake.options.advanced.statusBarLength.description.
2024-02-15 15:08:06.732 [warning] [cmake-tools]: Couldn't find message for key cmake-tools.configuration.cmake.options.advanced.statusBarLength.description.
2024-02-15 15:08:06.732 [warning] [cmake-tools]: Couldn't find message for key cmake-tools.configuration.cmake.options.advanced.statusBarLength.description.
2024-02-15 15:08:06.733 [warning] [cmake-tools]: Couldn't find message for key cmake-tools.configuration.cmake.options.advanced.statusBarLength.description.
2024-02-15 15:08:06.733 [warning] [cmake-tools]: Couldn't find message for key cmake-tools.configuration.cmake.options.advanced.statusBarLength.description.
2024-02-15 15:08:07.245 [warning] [cmake-tools]: Couldn't find message for key cmake-tools.configuration.cmake.options.advanced.statusBarLength.description.
2024-02-15 15:08:07.245 [warning] [cmake-tools]: Couldn't find message for key cmake-tools.configuration.cmake.options.advanced.statusBarLength.description.
2024-02-15 15:08:07.246 [warning] [cmake-tools]: Couldn't find message for key cmake-tools.configuration.cmake.options.advanced.statusBarLength.description.
2024-02-15 15:08:07.246 [warning] [cmake-tools]: Couldn't find message for key cmake-tools.configuration.cmake.options.advanced.statusBarLength.description.
2024-02-15 15:08:07.246 [warning] [cmake-tools]: Couldn't find message for key cmake-tools.configuration.cmake.options.advanced.statusBarLength.description.
2024-02-15 15:08:07.246 [warning] [cmake-tools]: Couldn't find message for key cmake-tools.configuration.cmake.options.advanced.statusBarLength.description.
2024-02-15 15:08:07.252 [warning] [cmake-tools]: Couldn't find message for key cmake-tools.configuration.cmake.options.advanced.statusBarLength.description.
2024-02-15 15:08:07.252 [warning] [cmake-tools]: Couldn't find message for key cmake-tools.configuration.cmake.options.advanced.statusBarLength.description.
2024-02-15 15:08:07.252 [warning] [cmake-tools]: Couldn't find message for key cmake-tools.configuration.cmake.options.advanced.statusBarLength.description.
2024-02-15 15:08:07.253 [warning] [cmake-tools]: Couldn't find message for key cmake-tools.configuration.cmake.options.advanced.statusBarLength.description.
2024-02-15 15:08:07.253 [warning] [cmake-tools]: Couldn't find message for key cmake-tools.configuration.cmake.options.advanced.statusBarLength.description.
2024-02-15 15:08:07.253 [warning] [cmake-tools]: Couldn't find message for key cmake-tools.configuration.cmake.options.advanced.statusBarLength.description.
2024-02-15 15:08:07.353 [warning] [cmake-tools]: Couldn't find message for key cmake-tools.configuration.cmake.options.advanced.statusBarLength.description.
2024-02-15 15:08:07.353 [warning] [cmake-tools]: Couldn't find message for key cmake-tools.configuration.cmake.options.advanced.statusBarLength.description.
2024-02-15 15:08:07.353 [warning] [cmake-tools]: Couldn't find message for key cmake-tools.configuration.cmake.options.advanced.statusBarLength.description.
2024-02-15 15:08:07.353 [warning] [cmake-tools]: Couldn't find message for key cmake-tools.configuration.cmake.options.advanced.statusBarLength.description.
2024-02-15 15:08:07.353 [warning] [cmake-tools]: Couldn't find message for key cmake-tools.configuration.cmake.options.advanced.statusBarLength.description.
2024-02-15 15:08:07.354 [warning] [cmake-tools]: Couldn't find message for key cmake-tools.configuration.cmake.options.advanced.statusBarLength.description.
2024-02-15 15:08:07.354 [warning] [cmake-tools]: Couldn't find message for key cmake-tools.configuration.cmake.options.advanced.statusBarLength.description.
2024-02-15 15:08:07.354 [warning] [cmake-tools]: Couldn't find message for key cmake-tools.configuration.cmake.options.advanced.statusBarLength.description.
2024-02-15 15:08:07.354 [warning] [cmake-tools]: Couldn't find message for key cmake-tools.configuration.cmake.options.advanced.statusBarLength.description.
2024-02-15 15:08:07.354 [warning] [cmake-tools]: Couldn't find message for key cmake-tools.configuration.cmake.options.advanced.statusBarLength.description.
2024-02-15 15:08:07.354 [warning] [cmake-tools]: Couldn't find message for key cmake-tools.configuration.cmake.options.advanced.statusBarLength.description.
2024-02-15 15:08:07.354 [warning] [cmake-tools]: Couldn't find message for key cmake-tools.configuration.cmake.options.advanced.statusBarLength.description.
2024-02-15 15:08:07.387 [warning] [cmake-tools]: Couldn't find message for key cmake-tools.configuration.cmake.options.advanced.statusBarLength.description.
2024-02-15 15:08:07.387 [warning] [cmake-tools]: Couldn't find message for key cmake-tools.configuration.cmake.options.advanced.statusBarLength.description.
2024-02-15 15:08:07.388 [warning] [cmake-tools]: Couldn't find message for key cmake-tools.configuration.cmake.options.advanced.statusBarLength.description.
2024-02-15 15:08:07.388 [warning] [cmake-tools]: Couldn't find message for key cmake-tools.configuration.cmake.options.advanced.statusBarLength.description.
2024-02-15 15:08:07.388 [warning] [cmake-tools]: Couldn't find message for key cmake-tools.configuration.cmake.options.advanced.statusBarLength.description.
2024-02-15 15:08:07.388 [warning] [cmake-tools]: Couldn't find message for key cmake-tools.configuration.cmake.options.advanced.statusBarLength.description.
2024-02-15 15:08:07.388 [warning] [cmake-tools]: Couldn't find message for key cmake-tools.configuration.cmake.options.advanced.statusBarLength.description.
2024-02-15 15:08:07.388 [warning] [cmake-tools]: Couldn't find message for key cmake-tools.configuration.cmake.options.advanced.statusBarLength.description.
2024-02-15 15:08:07.388 [warning] [cmake-tools]: Couldn't find message for key cmake-tools.configuration.cmake.options.advanced.statusBarLength.description.
2024-02-15 15:08:07.388 [warning] [cmake-tools]: Couldn't find message for key cmake-tools.configuration.cmake.options.advanced.statusBarLength.description.
2024-02-15 15:08:07.389 [warning] [cmake-tools]: Couldn't find message for key cmake-tools.configuration.cmake.options.advanced.statusBarLength.description.
2024-02-15 15:08:07.389 [warning] [cmake-tools]: Couldn't find message for key cmake-tools.configuration.cmake.options.advanced.statusBarLength.description.
2024-02-15 15:08:07.790 [warning] [cmake-tools]: Couldn't find message for key cmake-tools.configuration.cmake.options.advanced.statusBarLength.description.
2024-02-15 15:08:07.791 [warning] [cmake-tools]: Couldn't find message for key cmake-tools.configuration.cmake.options.advanced.statusBarLength.description.
2024-02-15 15:08:07.791 [warning] [cmake-tools]: Couldn't find message for key cmake-tools.configuration.cmake.options.advanced.statusBarLength.description.
2024-02-15 15:08:07.791 [warning] [cmake-tools]: Couldn't find message for key cmake-tools.configuration.cmake.options.advanced.statusBarLength.description.
2024-02-15 15:08:07.792 [warning] [cmake-tools]: Couldn't find message for key cmake-tools.configuration.cmake.options.advanced.statusBarLength.description.
2024-02-15 15:08:07.792 [warning] [cmake-tools]: Couldn't find message for key cmake-tools.configuration.cmake.options.advanced.statusBarLength.description.
2024-02-15 15:08:07.793 [warning] [cmake-tools]: Couldn't find message for key cmake-tools.configuration.cmake.options.advanced.statusBarLength.description.
2024-02-15 15:08:07.793 [warning] [cmake-tools]: Couldn't find message for key cmake-tools.configuration.cmake.options.advanced.statusBarLength.description.
2024-02-15 15:08:07.793 [warning] [cmake-tools]: Couldn't find message for key cmake-tools.configuration.cmake.options.advanced.statusBarLength.description.
2024-02-15 15:08:07.794 [warning] [cmake-tools]: Couldn't find message for key cmake-tools.configuration.cmake.options.advanced.statusBarLength.description.
2024-02-15 15:08:07.794 [warning] [cmake-tools]: Couldn't find message for key cmake-tools.configuration.cmake.options.advanced.statusBarLength.description.
2024-02-15 15:08:07.794 [warning] [cmake-tools]: Couldn't find message for key cmake-tools.configuration.cmake.options.advanced.statusBarLength.description.
2024-02-15 15:08:07.803 [warning] [cmake-tools]: Couldn't find message for key cmake-tools.configuration.cmake.options.advanced.statusBarLength.description.
2024-02-15 15:08:07.803 [warning] [cmake-tools]: Couldn't find message for key cmake-tools.configuration.cmake.options.advanced.statusBarLength.description.
2024-02-15 15:08:07.803 [warning] [cmake-tools]: Couldn't find message for key cmake-tools.configuration.cmake.options.advanced.statusBarLength.description.
2024-02-15 15:08:07.803 [warning] [cmake-tools]: Couldn't find message for key cmake-tools.configuration.cmake.options.advanced.statusBarLength.description.
2024-02-15 15:08:07.804 [warning] [cmake-tools]: Couldn't find message for key cmake-tools.configuration.cmake.options.advanced.statusBarLength.description.
2024-02-15 15:08:07.804 [warning] [cmake-tools]: Couldn't find message for key cmake-tools.configuration.cmake.options.advanced.statusBarLength.description.
2024-02-15 15:08:07.804 [warning] [cmake-tools]: Couldn't find message for key cmake-tools.configuration.cmake.options.advanced.statusBarLength.description.
2024-02-15 15:08:07.805 [warning] [cmake-tools]: Couldn't find message for key cmake-tools.configuration.cmake.options.advanced.statusBarLength.description.
2024-02-15 15:08:07.805 [warning] [cmake-tools]: Couldn't find message for key cmake-tools.configuration.cmake.options.advanced.statusBarLength.description.
2024-02-15 15:08:07.806 [warning] [cmake-tools]: Couldn't find message for key cmake-tools.configuration.cmake.options.advanced.statusBarLength.description.
2024-02-15 15:08:07.806 [warning] [cmake-tools]: Couldn't find message for key cmake-tools.configuration.cmake.options.advanced.statusBarLength.description.
2024-02-15 15:08:07.806 [warning] [cmake-tools]: Couldn't find message for key cmake-tools.configuration.cmake.options.advanced.statusBarLength.description.
2024-02-15 15:08:08.023 [warning] [cmake-tools]: Couldn't find message for key cmake-tools.configuration.cmake.options.advanced.statusBarLength.description.
2024-02-15 15:08:08.023 [warning] [cmake-tools]: Couldn't find message for key cmake-tools.configuration.cmake.options.advanced.statusBarLength.description.
2024-02-15 15:08:08.023 [warning] [cmake-tools]: Couldn't find message for key cmake-tools.configuration.cmake.options.advanced.statusBarLength.description.
2024-02-15 15:08:08.023 [warning] [cmake-tools]: Couldn't find message for key cmake-tools.configuration.cmake.options.advanced.statusBarLength.description.
2024-02-15 15:08:08.023 [warning] [cmake-tools]: Couldn't find message for key cmake-tools.configuration.cmake.options.advanced.statusBarLength.description.
2024-02-15 15:08:08.023 [warning] [cmake-tools]: Couldn't find message for key cmake-tools.configuration.cmake.options.advanced.statusBarLength.description.
2024-02-15 15:08:08.024 [warning] [cmake-tools]: Couldn't find message for key cmake-tools.configuration.cmake.options.advanced.statusBarLength.description.
2024-02-15 15:08:08.024 [warning] [cmake-tools]: Couldn't find message for key cmake-tools.configuration.cmake.options.advanced.statusBarLength.description.
2024-02-15 15:08:08.024 [warning] [cmake-tools]: Couldn't find message for key cmake-tools.configuration.cmake.options.advanced.statusBarLength.description.
2024-02-15 15:08:08.024 [warning] [cmake-tools]: Couldn't find message for key cmake-tools.configuration.cmake.options.advanced.statusBarLength.description.
2024-02-15 15:08:08.024 [warning] [cmake-tools]: Couldn't find message for key cmake-tools.configuration.cmake.options.advanced.statusBarLength.description.
2024-02-15 15:08:08.024 [warning] [cmake-tools]: Couldn't find message for key cmake-tools.configuration.cmake.options.advanced.statusBarLength.description.
2024-02-15 15:08:08.190 [warning] [cmake-tools]: Couldn't find message for key cmake-tools.configuration.cmake.options.advanced.statusBarLength.description.
2024-02-15 15:08:08.190 [warning] [cmake-tools]: Couldn't find message for key cmake-tools.configuration.cmake.options.advanced.statusBarLength.description.
2024-02-15 15:08:08.190 [warning] [cmake-tools]: Couldn't find message for key cmake-tools.configuration.cmake.options.advanced.statusBarLength.description.
2024-02-15 15:08:08.191 [warning] [cmake-tools]: Couldn't find message for key cmake-tools.configuration.cmake.options.advanced.statusBarLength.description.
2024-02-15 15:08:08.191 [warning] [cmake-tools]: Couldn't find message for key cmake-tools.configuration.cmake.options.advanced.statusBarLength.description.
2024-02-15 15:08:08.191 [warning] [cmake-tools]: Couldn't find message for key cmake-tools.configuration.cmake.options.advanced.statusBarLength.description.
2024-02-15 15:08:08.191 [warning] [cmake-tools]: Couldn't find message for key cmake-tools.configuration.cmake.options.advanced.statusBarLength.description.
2024-02-15 15:08:08.191 [warning] [cmake-tools]: Couldn't find message for key cmake-tools.configuration.cmake.options.advanced.statusBarLength.description.
2024-02-15 15:08:08.191 [warning] [cmake-tools]: Couldn't find message for key cmake-tools.configuration.cmake.options.advanced.statusBarLength.description.
2024-02-15 15:08:08.191 [warning] [cmake-tools]: Couldn't find message for key cmake-tools.configuration.cmake.options.advanced.statusBarLength.description.
2024-02-15 15:08:08.191 [warning] [cmake-tools]: Couldn't find message for key cmake-tools.configuration.cmake.options.advanced.statusBarLength.description.
2024-02-15 15:08:08.192 [warning] [cmake-tools]: Couldn't find message for key cmake-tools.configuration.cmake.options.advanced.statusBarLength.description.
2024-02-15 15:08:09.575 [info] Getting Manifest... ms-python.vscode-pylance
2024-02-15 15:08:09.672 [info] Installing extension: ms-python.vscode-pylance
2024-02-15 15:08:09.741 [warning] [cmake-tools]: Couldn't find message for key cmake-tools.configuration.cmake.options.advanced.statusBarLength.description.
2024-02-15 15:08:09.741 [warning] [cmake-tools]: Couldn't find message for key cmake-tools.configuration.cmake.options.advanced.statusBarLength.description.
2024-02-15 15:08:09.741 [warning] [cmake-tools]: Couldn't find message for key cmake-tools.configuration.cmake.options.advanced.statusBarLength.description.
2024-02-15 15:08:09.741 [warning] [cmake-tools]: Couldn't find message for key cmake-tools.configuration.cmake.options.advanced.statusBarLength.description.
2024-02-15 15:08:09.741 [warning] [cmake-tools]: Couldn't find message for key cmake-tools.configuration.cmake.options.advanced.statusBarLength.description.
2024-02-15 15:08:09.742 [warning] [cmake-tools]: Couldn't find message for key cmake-tools.configuration.cmake.options.advanced.statusBarLength.description.
2024-02-15 15:08:09.742 [warning] [cmake-tools]: Couldn't find message for key cmake-tools.configuration.cmake.options.advanced.statusBarLength.description.
2024-02-15 15:08:09.742 [warning] [cmake-tools]: Couldn't find message for key cmake-tools.configuration.cmake.options.advanced.statusBarLength.description.
2024-02-15 15:08:09.742 [warning] [cmake-tools]: Couldn't find message for key cmake-tools.configuration.cmake.options.advanced.statusBarLength.description.
2024-02-15 15:08:09.742 [warning] [cmake-tools]: Couldn't find message for key cmake-tools.configuration.cmake.options.advanced.statusBarLength.description.
2024-02-15 15:08:09.742 [warning] [cmake-tools]: Couldn't find message for key cmake-tools.configuration.cmake.options.advanced.statusBarLength.description.
2024-02-15 15:08:09.742 [warning] [cmake-tools]: Couldn't find message for key cmake-tools.configuration.cmake.options.advanced.statusBarLength.description.
2024-02-15 15:08:10.670 [info] Getting Manifest... ms-python.python
2024-02-15 15:08:11.264 [info] Getting Manifest... ms-python.debugpy
2024-02-15 15:08:11.371 [warning] [cmake-tools]: Couldn't find message for key cmake-tools.configuration.cmake.options.advanced.statusBarLength.description.
2024-02-15 15:08:11.371 [warning] [cmake-tools]: Couldn't find message for key cmake-tools.configuration.cmake.options.advanced.statusBarLength.description.
2024-02-15 15:08:11.371 [warning] [cmake-tools]: Couldn't find message for key cmake-tools.configuration.cmake.options.advanced.statusBarLength.description.
2024-02-15 15:08:11.372 [warning] [cmake-tools]: Couldn't find message for key cmake-tools.configuration.cmake.options.advanced.statusBarLength.description.
2024-02-15 15:08:11.372 [warning] [cmake-tools]: Couldn't find message for key cmake-tools.configuration.cmake.options.advanced.statusBarLength.description.
2024-02-15 15:08:11.372 [warning] [cmake-tools]: Couldn't find message for key cmake-tools.configuration.cmake.options.advanced.statusBarLength.description.
2024-02-15 15:08:11.372 [warning] [cmake-tools]: Couldn't find message for key cmake-tools.configuration.cmake.options.advanced.statusBarLength.description.
2024-02-15 15:08:11.372 [warning] [cmake-tools]: Couldn't find message for key cmake-tools.configuration.cmake.options.advanced.statusBarLength.description.
2024-02-15 15:08:11.372 [warning] [cmake-tools]: Couldn't find message for key cmake-tools.configuration.cmake.options.advanced.statusBarLength.description.
2024-02-15 15:08:11.373 [warning] [cmake-tools]: Couldn't find message for key cmake-tools.configuration.cmake.options.advanced.statusBarLength.description.
2024-02-15 15:08:11.373 [warning] [cmake-tools]: Couldn't find message for key cmake-tools.configuration.cmake.options.advanced.statusBarLength.description.
2024-02-15 15:08:11.373 [warning] [cmake-tools]: Couldn't find message for key cmake-tools.configuration.cmake.options.advanced.statusBarLength.description.
2024-02-15 15:08:11.465 [warning] [cmake-tools]: Couldn't find message for key cmake-tools.configuration.cmake.options.advanced.statusBarLength.description.
2024-02-15 15:08:11.466 [warning] [cmake-tools]: Couldn't find message for key cmake-tools.configuration.cmake.options.advanced.statusBarLength.description.
2024-02-15 15:08:11.466 [warning] [cmake-tools]: Couldn't find message for key cmake-tools.configuration.cmake.options.advanced.statusBarLength.description.
2024-02-15 15:08:11.466 [warning] [cmake-tools]: Couldn't find message for key cmake-tools.configuration.cmake.options.advanced.statusBarLength.description.
2024-02-15 15:08:11.466 [warning] [cmake-tools]: Couldn't find message for key cmake-tools.configuration.cmake.options.advanced.statusBarLength.description.
2024-02-15 15:08:11.466 [warning] [cmake-tools]: Couldn't find message for key cmake-tools.configuration.cmake.options.advanced.statusBarLength.description.
2024-02-15 15:08:11.466 [warning] [cmake-tools]: Couldn't find message for key cmake-tools.configuration.cmake.options.advanced.statusBarLength.description.
2024-02-15 15:08:11.466 [warning] [cmake-tools]: Couldn't find message for key cmake-tools.configuration.cmake.options.advanced.statusBarLength.description.
2024-02-15 15:08:11.466 [warning] [cmake-tools]: Couldn't find message for key cmake-tools.configuration.cmake.options.advanced.statusBarLength.description.
2024-02-15 15:08:11.466 [warning] [cmake-tools]: Couldn't find message for key cmake-tools.configuration.cmake.options.advanced.statusBarLength.description.
2024-02-15 15:08:11.467 [warning] [cmake-tools]: Couldn't find message for key cmake-tools.configuration.cmake.options.advanced.statusBarLength.description.
2024-02-15 15:08:11.467 [warning] [cmake-tools]: Couldn't find message for key cmake-tools.configuration.cmake.options.advanced.statusBarLength.description.
2024-02-15 15:08:13.871 [info] Extension signature is verified: ms-python.vscode-pylance
2024-02-15 15:08:22.388 [info] Extracted extension to file:///c%3A/Users/kotha/.vscode/extensions/ms-python.vscode-pylance-2024.2.2: ms-python.vscode-pylance
2024-02-15 15:08:22.403 [info] Renamed to c:\Users\kotha\.vscode\extensions\ms-python.vscode-pylance-2024.2.2
2024-02-15 15:08:22.407 [info] Extracting extension completed. ms-python.vscode-pylance
2024-02-15 15:08:22.447 [info] Extension installed successfully: ms-python.vscode-pylance
2024-02-15 15:08:22.456 [info] Marked extension as uninstalled ms-python.vscode-pylance-2024.2.1
2024-02-15 15:08:22.525 [error] [uncaught exception in sharedProcess]: Error: ENOENT: no such file or directory, stat 'c:\Users\kotha\.vscode\extensions\extensions.json.vsctmp': EntryNotFound (FileSystemError): Error: ENOENT: no such file or directory, stat 'c:\Users\kotha\.vscode\extensions\extensions.json.vsctmp'
    at r.create (c:\Users\kotha\AppData\Local\Programs\Microsoft VS Code\resources\app\out\vs\code\node\sharedProcess\sharedProcessMain.js:51:30119)
    at a (c:\Users\kotha\AppData\Local\Programs\Microsoft VS Code\resources\app\out\vs\code\node\sharedProcess\sharedProcessMain.js:51:30234)
    at i.fb (c:\Users\kotha\AppData\Local\Programs\Microsoft VS Code\resources\app\out\vs\code\node\sharedProcess\sharedProcessMain.js:56:36631)
    at i.stat (c:\Users\kotha\AppData\Local\Programs\Microsoft VS Code\resources\app\out\vs\code\node\sharedProcess\sharedProcessMain.js:56:29077)
    at async v.stat (c:\Users\kotha\AppData\Local\Programs\Microsoft VS Code\resources\app\out\vs\code\node\sharedProcess\sharedProcessMain.js:56:16223)
    at async Y.tb (c:\Users\kotha\AppData\Local\Programs\Microsoft VS Code\resources\app\out\vs\code\node\sharedProcess\sharedProcessMain.js:102:108626)
2024-02-15 15:13:07.787 [warning] [cmake-tools]: Couldn't find message for key cmake-tools.configuration.cmake.options.advanced.statusBarLength.description.
2024-02-15 15:13:07.787 [warning] [cmake-tools]: Couldn't find message for key cmake-tools.configuration.cmake.options.advanced.statusBarLength.description.
2024-02-15 15:13:07.787 [warning] [cmake-tools]: Couldn't find message for key cmake-tools.configuration.cmake.options.advanced.statusBarLength.description.
2024-02-15 15:13:07.788 [warning] [cmake-tools]: Couldn't find message for key cmake-tools.configuration.cmake.options.advanced.statusBarLength.description.
2024-02-15 15:13:07.788 [warning] [cmake-tools]: Couldn't find message for key cmake-tools.configuration.cmake.options.advanced.statusBarLength.description.
2024-02-15 15:13:07.788 [warning] [cmake-tools]: Couldn't find message for key cmake-tools.configuration.cmake.options.advanced.statusBarLength.description.
2024-02-15 15:13:07.788 [warning] [cmake-tools]: Couldn't find message for key cmake-tools.configuration.cmake.options.advanced.statusBarLength.description.
2024-02-15 15:13:07.788 [warning] [cmake-tools]: Couldn't find message for key cmake-tools.configuration.cmake.options.advanced.statusBarLength.description.
2024-02-15 15:13:07.788 [warning] [cmake-tools]: Couldn't find message for key cmake-tools.configuration.cmake.options.advanced.statusBarLength.description.
2024-02-15 15:13:07.788 [warning] [cmake-tools]: Couldn't find message for key cmake-tools.configuration.cmake.options.advanced.statusBarLength.description.
2024-02-15 15:13:07.788 [warning] [cmake-tools]: Couldn't find message for key cmake-tools.configuration.cmake.options.advanced.statusBarLength.description.
2024-02-15 15:13:07.788 [warning] [cmake-tools]: Couldn't find message for key cmake-tools.configuration.cmake.options.advanced.statusBarLength.description.
2024-02-15 15:18:07.866 [warning] [cmake-tools]: Couldn't find message for key cmake-tools.configuration.cmake.options.advanced.statusBarLength.description.
2024-02-15 15:18:07.866 [warning] [cmake-tools]: Couldn't find message for key cmake-tools.configuration.cmake.options.advanced.statusBarLength.description.
2024-02-15 15:18:07.866 [warning] [cmake-tools]: Couldn't find message for key cmake-tools.configuration.cmake.options.advanced.statusBarLength.description.
2024-02-15 15:18:07.867 [warning] [cmake-tools]: Couldn't find message for key cmake-tools.configuration.cmake.options.advanced.statusBarLength.description.
2024-02-15 15:18:07.867 [warning] [cmake-tools]: Couldn't find message for key cmake-tools.configuration.cmake.options.advanced.statusBarLength.description.
2024-02-15 15:18:07.867 [warning] [cmake-tools]: Couldn't find message for key cmake-tools.configuration.cmake.options.advanced.statusBarLength.description.
2024-02-15 15:18:07.867 [warning] [cmake-tools]: Couldn't find message for key cmake-tools.configuration.cmake.options.advanced.statusBarLength.description.
2024-02-15 15:18:07.867 [warning] [cmake-tools]: Couldn't find message for key cmake-tools.configuration.cmake.options.advanced.statusBarLength.description.
2024-02-15 15:18:07.867 [warning] [cmake-tools]: Couldn't find message for key cmake-tools.configuration.cmake.options.advanced.statusBarLength.description.
2024-02-15 15:18:07.867 [warning] [cmake-tools]: Couldn't find message for key cmake-tools.configuration.cmake.options.advanced.statusBarLength.description.
2024-02-15 15:18:07.867 [warning] [cmake-tools]: Couldn't find message for key cmake-tools.configuration.cmake.options.advanced.statusBarLength.description.
2024-02-15 15:18:07.867 [warning] [cmake-tools]: Couldn't find message for key cmake-tools.configuration.cmake.options.advanced.statusBarLength.description.
2024-02-15 15:23:07.966 [warning] [cmake-tools]: Couldn't find message for key cmake-tools.configuration.cmake.options.advanced.statusBarLength.description.
2024-02-15 15:23:07.967 [warning] [cmake-tools]: Couldn't find message for key cmake-tools.configuration.cmake.options.advanced.statusBarLength.description.
2024-02-15 15:23:07.967 [warning] [cmake-tools]: Couldn't find message for key cmake-tools.configuration.cmake.options.advanced.statusBarLength.description.
2024-02-15 15:23:07.967 [warning] [cmake-tools]: Couldn't find message for key cmake-tools.configuration.cmake.options.advanced.statusBarLength.description.
2024-02-15 15:23:07.967 [warning] [cmake-tools]: Couldn't find message for key cmake-tools.configuration.cmake.options.advanced.statusBarLength.description.
2024-02-15 15:23:07.967 [warning] [cmake-tools]: Couldn't find message for key cmake-tools.configuration.cmake.options.advanced.statusBarLength.description.
2024-02-15 15:23:07.967 [warning] [cmake-tools]: Couldn't find message for key cmake-tools.configuration.cmake.options.advanced.statusBarLength.description.
2024-02-15 15:23:07.967 [warning] [cmake-tools]: Couldn't find message for key cmake-tools.configuration.cmake.options.advanced.statusBarLength.description.
2024-02-15 15:23:07.967 [warning] [cmake-tools]: Couldn't find message for key cmake-tools.configuration.cmake.options.advanced.statusBarLength.description.
2024-02-15 15:23:07.967 [warning] [cmake-tools]: Couldn't find message for key cmake-tools.configuration.cmake.options.advanced.statusBarLength.description.
2024-02-15 15:23:07.968 [warning] [cmake-tools]: Couldn't find message for key cmake-tools.configuration.cmake.options.advanced.statusBarLength.description.
2024-02-15 15:23:07.968 [warning] [cmake-tools]: Couldn't find message for key cmake-tools.configuration.cmake.options.advanced.statusBarLength.description.
2024-02-15 15:28:08.056 [warning] [cmake-tools]: Couldn't find message for key cmake-tools.configuration.cmake.options.advanced.statusBarLength.description.
2024-02-15 15:28:08.056 [warning] [cmake-tools]: Couldn't find message for key cmake-tools.configuration.cmake.options.advanced.statusBarLength.description.
2024-02-15 15:28:08.057 [warning] [cmake-tools]: Couldn't find message for key cmake-tools.configuration.cmake.options.advanced.statusBarLength.description.
2024-02-15 15:28:08.057 [warning] [cmake-tools]: Couldn't find message for key cmake-tools.configuration.cmake.options.advanced.statusBarLength.description.
2024-02-15 15:28:08.057 [warning] [cmake-tools]: Couldn't find message for key cmake-tools.configuration.cmake.options.advanced.statusBarLength.description.
2024-02-15 15:28:08.057 [warning] [cmake-tools]: Couldn't find message for key cmake-tools.configuration.cmake.options.advanced.statusBarLength.description.
2024-02-15 15:28:08.058 [warning] [cmake-tools]: Couldn't find message for key cmake-tools.configuration.cmake.options.advanced.statusBarLength.description.
2024-02-15 15:28:08.058 [warning] [cmake-tools]: Couldn't find message for key cmake-tools.configuration.cmake.options.advanced.statusBarLength.description.
2024-02-15 15:28:08.058 [warning] [cmake-tools]: Couldn't find message for key cmake-tools.configuration.cmake.options.advanced.statusBarLength.description.
2024-02-15 15:28:08.058 [warning] [cmake-tools]: Couldn't find message for key cmake-tools.configuration.cmake.options.advanced.statusBarLength.description.
2024-02-15 15:28:08.058 [warning] [cmake-tools]: Couldn't find message for key cmake-tools.configuration.cmake.options.advanced.statusBarLength.description.
2024-02-15 15:28:08.058 [warning] [cmake-tools]: Couldn't find message for key cmake-tools.configuration.cmake.options.advanced.statusBarLength.description.
2024-02-15 15:33:08.123 [warning] [cmake-tools]: Couldn't find message for key cmake-tools.configuration.cmake.options.advanced.statusBarLength.description.
2024-02-15 15:33:08.123 [warning] [cmake-tools]: Couldn't find message for key cmake-tools.configuration.cmake.options.advanced.statusBarLength.description.
2024-02-15 15:33:08.123 [warning] [cmake-tools]: Couldn't find message for key cmake-tools.configuration.cmake.options.advanced.statusBarLength.description.
2024-02-15 15:33:08.123 [warning] [cmake-tools]: Couldn't find message for key cmake-tools.configuration.cmake.options.advanced.statusBarLength.description.
2024-02-15 15:33:08.123 [warning] [cmake-tools]: Couldn't find message for key cmake-tools.configuration.cmake.options.advanced.statusBarLength.description.
2024-02-15 15:33:08.124 [warning] [cmake-tools]: Couldn't find message for key cmake-tools.configuration.cmake.options.advanced.statusBarLength.description.
2024-02-15 15:33:08.124 [warning] [cmake-tools]: Couldn't find message for key cmake-tools.configuration.cmake.options.advanced.statusBarLength.description.
2024-02-15 15:33:08.124 [warning] [cmake-tools]: Couldn't find message for key cmake-tools.configuration.cmake.options.advanced.statusBarLength.description.
2024-02-15 15:33:08.124 [warning] [cmake-tools]: Couldn't find message for key cmake-tools.configuration.cmake.options.advanced.statusBarLength.description.
2024-02-15 15:33:08.124 [warning] [cmake-tools]: Couldn't find message for key cmake-tools.configuration.cmake.options.advanced.statusBarLength.description.
2024-02-15 15:33:08.124 [warning] [cmake-tools]: Couldn't find message for key cmake-tools.configuration.cmake.options.advanced.statusBarLength.description.
2024-02-15 15:33:08.124 [warning] [cmake-tools]: Couldn't find message for key cmake-tools.configuration.cmake.options.advanced.statusBarLength.description.
2024-02-15 15:38:08.185 [warning] [cmake-tools]: Couldn't find message for key cmake-tools.configuration.cmake.options.advanced.statusBarLength.description.
2024-02-15 15:38:08.186 [warning] [cmake-tools]: Couldn't find message for key cmake-tools.configuration.cmake.options.advanced.statusBarLength.description.
2024-02-15 15:38:08.186 [warning] [cmake-tools]: Couldn't find message for key cmake-tools.configuration.cmake.options.advanced.statusBarLength.description.
2024-02-15 15:38:08.186 [warning] [cmake-tools]: Couldn't find message for key cmake-tools.configuration.cmake.options.advanced.statusBarLength.description.
2024-02-15 15:38:08.186 [warning] [cmake-tools]: Couldn't find message for key cmake-tools.configuration.cmake.options.advanced.statusBarLength.description.
2024-02-15 15:38:08.186 [warning] [cmake-tools]: Couldn't find message for key cmake-tools.configuration.cmake.options.advanced.statusBarLength.description.
2024-02-15 15:38:08.186 [warning] [cmake-tools]: Couldn't find message for key cmake-tools.configuration.cmake.options.advanced.statusBarLength.description.
2024-02-15 15:38:08.186 [warning] [cmake-tools]: Couldn't find message for key cmake-tools.configuration.cmake.options.advanced.statusBarLength.description.
2024-02-15 15:38:08.186 [warning] [cmake-tools]: Couldn't find message for key cmake-tools.configuration.cmake.options.advanced.statusBarLength.description.
2024-02-15 15:38:08.186 [warning] [cmake-tools]: Couldn't find message for key cmake-tools.configuration.cmake.options.advanced.statusBarLength.description.
2024-02-15 15:38:08.186 [warning] [cmake-tools]: Couldn't find message for key cmake-tools.configuration.cmake.options.advanced.statusBarLength.description.
2024-02-15 15:38:08.187 [warning] [cmake-tools]: Couldn't find message for key cmake-tools.configuration.cmake.options.advanced.statusBarLength.description.
2024-02-15 15:43:08.280 [warning] [cmake-tools]: Couldn't find message for key cmake-tools.configuration.cmake.options.advanced.statusBarLength.description.
2024-02-15 15:43:08.280 [warning] [cmake-tools]: Couldn't find message for key cmake-tools.configuration.cmake.options.advanced.statusBarLength.description.
2024-02-15 15:43:08.281 [warning] [cmake-tools]: Couldn't find message for key cmake-tools.configuration.cmake.options.advanced.statusBarLength.description.
2024-02-15 15:43:08.281 [warning] [cmake-tools]: Couldn't find message for key cmake-tools.configuration.cmake.options.advanced.statusBarLength.description.
2024-02-15 15:43:08.281 [warning] [cmake-tools]: Couldn't find message for key cmake-tools.configuration.cmake.options.advanced.statusBarLength.description.
2024-02-15 15:43:08.281 [warning] [cmake-tools]: Couldn't find message for key cmake-tools.configuration.cmake.options.advanced.statusBarLength.description.
2024-02-15 15:43:08.282 [warning] [cmake-tools]: Couldn't find message for key cmake-tools.configuration.cmake.options.advanced.statusBarLength.description.
2024-02-15 15:43:08.282 [warning] [cmake-tools]: Couldn't find message for key cmake-tools.configuration.cmake.options.advanced.statusBarLength.description.
2024-02-15 15:43:08.282 [warning] [cmake-tools]: Couldn't find message for key cmake-tools.configuration.cmake.options.advanced.statusBarLength.description.
2024-02-15 15:43:08.282 [warning] [cmake-tools]: Couldn't find message for key cmake-tools.configuration.cmake.options.advanced.statusBarLength.description.
2024-02-15 15:43:08.282 [warning] [cmake-tools]: Couldn't find message for key cmake-tools.configuration.cmake.options.advanced.statusBarLength.description.
2024-02-15 15:43:08.282 [warning] [cmake-tools]: Couldn't find message for key cmake-tools.configuration.cmake.options.advanced.statusBarLength.description.
2024-02-15 15:48:08.388 [warning] [cmake-tools]: Couldn't find message for key cmake-tools.configuration.cmake.options.advanced.statusBarLength.description.
2024-02-15 15:48:08.389 [warning] [cmake-tools]: Couldn't find message for key cmake-tools.configuration.cmake.options.advanced.statusBarLength.description.
2024-02-15 15:48:08.389 [warning] [cmake-tools]: Couldn't find message for key cmake-tools.configuration.cmake.options.advanced.statusBarLength.description.
2024-02-15 15:48:08.389 [warning] [cmake-tools]: Couldn't find message for key cmake-tools.configuration.cmake.options.advanced.statusBarLength.description.
2024-02-15 15:48:08.389 [warning] [cmake-tools]: Couldn't find message for key cmake-tools.configuration.cmake.options.advanced.statusBarLength.description.
2024-02-15 15:48:08.389 [warning] [cmake-tools]: Couldn't find message for key cmake-tools.configuration.cmake.options.advanced.statusBarLength.description.
2024-02-15 15:48:08.389 [warning] [cmake-tools]: Couldn't find message for key cmake-tools.configuration.cmake.options.advanced.statusBarLength.description.
2024-02-15 15:48:08.389 [warning] [cmake-tools]: Couldn't find message for key cmake-tools.configuration.cmake.options.advanced.statusBarLength.description.
2024-02-15 15:48:08.389 [warning] [cmake-tools]: Couldn't find message for key cmake-tools.configuration.cmake.options.advanced.statusBarLength.description.
2024-02-15 15:48:08.389 [warning] [cmake-tools]: Couldn't find message for key cmake-tools.configuration.cmake.options.advanced.statusBarLength.description.
2024-02-15 15:48:08.390 [warning] [cmake-tools]: Couldn't find message for key cmake-tools.configuration.cmake.options.advanced.statusBarLength.description.
2024-02-15 15:48:08.390 [warning] [cmake-tools]: Couldn't find message for key cmake-tools.configuration.cmake.options.advanced.statusBarLength.description.
2024-02-15 15:53:08.459 [warning] [cmake-tools]: Couldn't find message for key cmake-tools.configuration.cmake.options.advanced.statusBarLength.description.
2024-02-15 15:53:08.459 [warning] [cmake-tools]: Couldn't find message for key cmake-tools.configuration.cmake.options.advanced.statusBarLength.description.
2024-02-15 15:53:08.459 [warning] [cmake-tools]: Couldn't find message for key cmake-tools.configuration.cmake.options.advanced.statusBarLength.description.
2024-02-15 15:53:08.459 [warning] [cmake-tools]: Couldn't find message for key cmake-tools.configuration.cmake.options.advanced.statusBarLength.description.
2024-02-15 15:53:08.459 [warning] [cmake-tools]: Couldn't find message for key cmake-tools.configuration.cmake.options.advanced.statusBarLength.description.
2024-02-15 15:53:08.459 [warning] [cmake-tools]: Couldn't find message for key cmake-tools.configuration.cmake.options.advanced.statusBarLength.description.
2024-02-15 15:53:08.460 [warning] [cmake-tools]: Couldn't find message for key cmake-tools.configuration.cmake.options.advanced.statusBarLength.description.
2024-02-15 15:53:08.460 [warning] [cmake-tools]: Couldn't find message for key cmake-tools.configuration.cmake.options.advanced.statusBarLength.description.
2024-02-15 15:53:08.460 [warning] [cmake-tools]: Couldn't find message for key cmake-tools.configuration.cmake.options.advanced.statusBarLength.description.
2024-02-15 15:53:08.460 [warning] [cmake-tools]: Couldn't find message for key cmake-tools.configuration.cmake.options.advanced.statusBarLength.description.
2024-02-15 15:53:08.460 [warning] [cmake-tools]: Couldn't find message for key cmake-tools.configuration.cmake.options.advanced.statusBarLength.description.
2024-02-15 15:53:08.460 [warning] [cmake-tools]: Couldn't find message for key cmake-tools.configuration.cmake.options.advanced.statusBarLength.description.
2024-02-15 15:58:08.569 [warning] [cmake-tools]: Couldn't find message for key cmake-tools.configuration.cmake.options.advanced.statusBarLength.description.
2024-02-15 15:58:08.569 [warning] [cmake-tools]: Couldn't find message for key cmake-tools.configuration.cmake.options.advanced.statusBarLength.description.
2024-02-15 15:58:08.569 [warning] [cmake-tools]: Couldn't find message for key cmake-tools.configuration.cmake.options.advanced.statusBarLength.description.
2024-02-15 15:58:08.569 [warning] [cmake-tools]: Couldn't find message for key cmake-tools.configuration.cmake.options.advanced.statusBarLength.description.
2024-02-15 15:58:08.570 [warning] [cmake-tools]: Couldn't find message for key cmake-tools.configuration.cmake.options.advanced.statusBarLength.description.
2024-02-15 15:58:08.570 [warning] [cmake-tools]: Couldn't find message for key cmake-tools.configuration.cmake.options.advanced.statusBarLength.description.
2024-02-15 15:58:08.570 [warning] [cmake-tools]: Couldn't find message for key cmake-tools.configuration.cmake.options.advanced.statusBarLength.description.
2024-02-15 15:58:08.570 [warning] [cmake-tools]: Couldn't find message for key cmake-tools.configuration.cmake.options.advanced.statusBarLength.description.
2024-02-15 15:58:08.570 [warning] [cmake-tools]: Couldn't find message for key cmake-tools.configuration.cmake.options.advanced.statusBarLength.description.
2024-02-15 15:58:08.570 [warning] [cmake-tools]: Couldn't find message for key cmake-tools.configuration.cmake.options.advanced.statusBarLength.description.
2024-02-15 15:58:08.570 [warning] [cmake-tools]: Couldn't find message for key cmake-tools.configuration.cmake.options.advanced.statusBarLength.description.
2024-02-15 15:58:08.570 [warning] [cmake-tools]: Couldn't find message for key cmake-tools.configuration.cmake.options.advanced.statusBarLength.description.
2024-02-15 16:03:08.661 [warning] [cmake-tools]: Couldn't find message for key cmake-tools.configuration.cmake.options.advanced.statusBarLength.description.
2024-02-15 16:03:08.662 [warning] [cmake-tools]: Couldn't find message for key cmake-tools.configuration.cmake.options.advanced.statusBarLength.description.
2024-02-15 16:03:08.662 [warning] [cmake-tools]: Couldn't find message for key cmake-tools.configuration.cmake.options.advanced.statusBarLength.description.
2024-02-15 16:03:08.663 [warning] [cmake-tools]: Couldn't find message for key cmake-tools.configuration.cmake.options.advanced.statusBarLength.description.
2024-02-15 16:03:08.663 [warning] [cmake-tools]: Couldn't find message for key cmake-tools.configuration.cmake.options.advanced.statusBarLength.description.
2024-02-15 16:03:08.663 [warning] [cmake-tools]: Couldn't find message for key cmake-tools.configuration.cmake.options.advanced.statusBarLength.description.
2024-02-15 16:03:08.663 [warning] [cmake-tools]: Couldn't find message for key cmake-tools.configuration.cmake.options.advanced.statusBarLength.description.
2024-02-15 16:03:08.664 [warning] [cmake-tools]: Couldn't find message for key cmake-tools.configuration.cmake.options.advanced.statusBarLength.description.
2024-02-15 16:03:08.664 [warning] [cmake-tools]: Couldn't find message for key cmake-tools.configuration.cmake.options.advanced.statusBarLength.description.
2024-02-15 16:03:08.665 [warning] [cmake-tools]: Couldn't find message for key cmake-tools.configuration.cmake.options.advanced.statusBarLength.description.
2024-02-15 16:03:08.665 [warning] [cmake-tools]: Couldn't find message for key cmake-tools.configuration.cmake.options.advanced.statusBarLength.description.
2024-02-15 16:03:08.665 [warning] [cmake-tools]: Couldn't find message for key cmake-tools.configuration.cmake.options.advanced.statusBarLength.description.
2024-02-15 16:08:08.762 [warning] [cmake-tools]: Couldn't find message for key cmake-tools.configuration.cmake.options.advanced.statusBarLength.description.
2024-02-15 16:08:08.762 [warning] [cmake-tools]: Couldn't find message for key cmake-tools.configuration.cmake.options.advanced.statusBarLength.description.
2024-02-15 16:08:08.762 [warning] [cmake-tools]: Couldn't find message for key cmake-tools.configuration.cmake.options.advanced.statusBarLength.description.
2024-02-15 16:08:08.762 [warning] [cmake-tools]: Couldn't find message for key cmake-tools.configuration.cmake.options.advanced.statusBarLength.description.
2024-02-15 16:08:08.762 [warning] [cmake-tools]: Couldn't find message for key cmake-tools.configuration.cmake.options.advanced.statusBarLength.description.
2024-02-15 16:08:08.762 [warning] [cmake-tools]: Couldn't find message for key cmake-tools.configuration.cmake.options.advanced.statusBarLength.description.
2024-02-15 16:08:08.763 [warning] [cmake-tools]: Couldn't find message for key cmake-tools.configuration.cmake.options.advanced.statusBarLength.description.
2024-02-15 16:08:08.763 [warning] [cmake-tools]: Couldn't find message for key cmake-tools.configuration.cmake.options.advanced.statusBarLength.description.
2024-02-15 16:08:08.763 [warning] [cmake-tools]: Couldn't find message for key cmake-tools.configuration.cmake.options.advanced.statusBarLength.description.
2024-02-15 16:08:08.763 [warning] [cmake-tools]: Couldn't find message for key cmake-tools.configuration.cmake.options.advanced.statusBarLength.description.
2024-02-15 16:08:08.763 [warning] [cmake-tools]: Couldn't find message for key cmake-tools.configuration.cmake.options.advanced.statusBarLength.description.
2024-02-15 16:08:08.763 [warning] [cmake-tools]: Couldn't find message for key cmake-tools.configuration.cmake.options.advanced.statusBarLength.description.
2024-02-15 16:13:08.988 [warning] [cmake-tools]: Couldn't find message for key cmake-tools.configuration.cmake.options.advanced.statusBarLength.description.
2024-02-15 16:13:08.988 [warning] [cmake-tools]: Couldn't find message for key cmake-tools.configuration.cmake.options.advanced.statusBarLength.description.
2024-02-15 16:13:08.988 [warning] [cmake-tools]: Couldn't find message for key cmake-tools.configuration.cmake.options.advanced.statusBarLength.description.
2024-02-15 16:13:08.988 [warning] [cmake-tools]: Couldn't find message for key cmake-tools.configuration.cmake.options.advanced.statusBarLength.description.
2024-02-15 16:13:08.988 [warning] [cmake-tools]: Couldn't find message for key cmake-tools.configuration.cmake.options.advanced.statusBarLength.description.
2024-02-15 16:13:08.988 [warning] [cmake-tools]: Couldn't find message for key cmake-tools.configuration.cmake.options.advanced.statusBarLength.description.
2024-02-15 16:13:08.989 [warning] [cmake-tools]: Couldn't find message for key cmake-tools.configuration.cmake.options.advanced.statusBarLength.description.
2024-02-15 16:13:08.989 [warning] [cmake-tools]: Couldn't find message for key cmake-tools.configuration.cmake.options.advanced.statusBarLength.description.
2024-02-15 16:13:08.989 [warning] [cmake-tools]: Couldn't find message for key cmake-tools.configuration.cmake.options.advanced.statusBarLength.description.
2024-02-15 16:13:08.989 [warning] [cmake-tools]: Couldn't find message for key cmake-tools.configuration.cmake.options.advanced.statusBarLength.description.
2024-02-15 16:13:08.989 [warning] [cmake-tools]: Couldn't find message for key cmake-tools.configuration.cmake.options.advanced.statusBarLength.description.
2024-02-15 16:13:08.989 [warning] [cmake-tools]: Couldn't find message for key cmake-tools.configuration.cmake.options.advanced.statusBarLength.description.
2024-02-15 16:18:09.095 [warning] [cmake-tools]: Couldn't find message for key cmake-tools.configuration.cmake.options.advanced.statusBarLength.description.
2024-02-15 16:18:09.096 [warning] [cmake-tools]: Couldn't find message for key cmake-tools.configuration.cmake.options.advanced.statusBarLength.description.
2024-02-15 16:18:09.096 [warning] [cmake-tools]: Couldn't find message for key cmake-tools.configuration.cmake.options.advanced.statusBarLength.description.
2024-02-15 16:18:09.096 [warning] [cmake-tools]: Couldn't find message for key cmake-tools.configuration.cmake.options.advanced.statusBarLength.description.
2024-02-15 16:18:09.096 [warning] [cmake-tools]: Couldn't find message for key cmake-tools.configuration.cmake.options.advanced.statusBarLength.description.
2024-02-15 16:18:09.096 [warning] [cmake-tools]: Couldn't find message for key cmake-tools.configuration.cmake.options.advanced.statusBarLength.description.
2024-02-15 16:18:09.096 [warning] [cmake-tools]: Couldn't find message for key cmake-tools.configuration.cmake.options.advanced.statusBarLength.description.
2024-02-15 16:18:09.096 [warning] [cmake-tools]: Couldn't find message for key cmake-tools.configuration.cmake.options.advanced.statusBarLength.description.
2024-02-15 16:18:09.096 [warning] [cmake-tools]: Couldn't find message for key cmake-tools.configuration.cmake.options.advanced.statusBarLength.description.
2024-02-15 16:18:09.097 [warning] [cmake-tools]: Couldn't find message for key cmake-tools.configuration.cmake.options.advanced.statusBarLength.description.
2024-02-15 16:18:09.097 [warning] [cmake-tools]: Couldn't find message for key cmake-tools.configuration.cmake.options.advanced.statusBarLength.description.
2024-02-15 16:18:09.097 [warning] [cmake-tools]: Couldn't find message for key cmake-tools.configuration.cmake.options.advanced.statusBarLength.description.
2024-02-15 16:23:09.244 [warning] [cmake-tools]: Couldn't find message for key cmake-tools.configuration.cmake.options.advanced.statusBarLength.description.
2024-02-15 16:23:09.244 [warning] [cmake-tools]: Couldn't find message for key cmake-tools.configuration.cmake.options.advanced.statusBarLength.description.
2024-02-15 16:23:09.244 [warning] [cmake-tools]: Couldn't find message for key cmake-tools.configuration.cmake.options.advanced.statusBarLength.description.
2024-02-15 16:23:09.245 [warning] [cmake-tools]: Couldn't find message for key cmake-tools.configuration.cmake.options.advanced.statusBarLength.description.
2024-02-15 16:23:09.245 [warning] [cmake-tools]: Couldn't find message for key cmake-tools.configuration.cmake.options.advanced.statusBarLength.description.
2024-02-15 16:23:09.245 [warning] [cmake-tools]: Couldn't find message for key cmake-tools.configuration.cmake.options.advanced.statusBarLength.description.
2024-02-15 16:23:09.245 [warning] [cmake-tools]: Couldn't find message for key cmake-tools.configuration.cmake.options.advanced.statusBarLength.description.
2024-02-15 16:23:09.246 [warning] [cmake-tools]: Couldn't find message for key cmake-tools.configuration.cmake.options.advanced.statusBarLength.description.
2024-02-15 16:23:09.246 [warning] [cmake-tools]: Couldn't find message for key cmake-tools.configuration.cmake.options.advanced.statusBarLength.description.
2024-02-15 16:23:09.246 [warning] [cmake-tools]: Couldn't find message for key cmake-tools.configuration.cmake.options.advanced.statusBarLength.description.
2024-02-15 16:23:09.247 [warning] [cmake-tools]: Couldn't find message for key cmake-tools.configuration.cmake.options.advanced.statusBarLength.description.
2024-02-15 16:23:09.247 [warning] [cmake-tools]: Couldn't find message for key cmake-tools.configuration.cmake.options.advanced.statusBarLength.description.
2024-02-15 16:28:09.417 [warning] [cmake-tools]: Couldn't find message for key cmake-tools.configuration.cmake.options.advanced.statusBarLength.description.
2024-02-15 16:28:09.418 [warning] [cmake-tools]: Couldn't find message for key cmake-tools.configuration.cmake.options.advanced.statusBarLength.description.
2024-02-15 16:28:09.418 [warning] [cmake-tools]: Couldn't find message for key cmake-tools.configuration.cmake.options.advanced.statusBarLength.description.
2024-02-15 16:28:09.418 [warning] [cmake-tools]: Couldn't find message for key cmake-tools.configuration.cmake.options.advanced.statusBarLength.description.
2024-02-15 16:28:09.419 [warning] [cmake-tools]: Couldn't find message for key cmake-tools.configuration.cmake.options.advanced.statusBarLength.description.
2024-02-15 16:28:09.419 [warning] [cmake-tools]: Couldn't find message for key cmake-tools.configuration.cmake.options.advanced.statusBarLength.description.
2024-02-15 16:28:09.419 [warning] [cmake-tools]: Couldn't find message for key cmake-tools.configuration.cmake.options.advanced.statusBarLength.description.
2024-02-15 16:28:09.420 [warning] [cmake-tools]: Couldn't find message for key cmake-tools.configuration.cmake.options.advanced.statusBarLength.description.
2024-02-15 16:28:09.420 [warning] [cmake-tools]: Couldn't find message for key cmake-tools.configuration.cmake.options.advanced.statusBarLength.description.
2024-02-15 16:28:09.420 [warning] [cmake-tools]: Couldn't find message for key cmake-tools.configuration.cmake.options.advanced.statusBarLength.description.
2024-02-15 16:28:09.421 [warning] [cmake-tools]: Couldn't find message for key cmake-tools.configuration.cmake.options.advanced.statusBarLength.description.
2024-02-15 16:28:09.421 [warning] [cmake-tools]: Couldn't find message for key cmake-tools.configuration.cmake.options.advanced.statusBarLength.description.
2024-02-15 16:33:09.626 [warning] [cmake-tools]: Couldn't find message for key cmake-tools.configuration.cmake.options.advanced.statusBarLength.description.
2024-02-15 16:33:09.627 [warning] [cmake-tools]: Couldn't find message for key cmake-tools.configuration.cmake.options.advanced.statusBarLength.description.
2024-02-15 16:33:09.628 [warning] [cmake-tools]: Couldn't find message for key cmake-tools.configuration.cmake.options.advanced.statusBarLength.description.
2024-02-15 16:33:09.628 [warning] [cmake-tools]: Couldn't find message for key cmake-tools.configuration.cmake.options.advanced.statusBarLength.description.
2024-02-15 16:33:09.628 [warning] [cmake-tools]: Couldn't find message for key cmake-tools.configuration.cmake.options.advanced.statusBarLength.description.
2024-02-15 16:33:09.630 [warning] [cmake-tools]: Couldn't find message for key cmake-tools.configuration.cmake.options.advanced.statusBarLength.description.
2024-02-15 16:33:09.630 [warning] [cmake-tools]: Couldn't find message for key cmake-tools.configuration.cmake.options.advanced.statusBarLength.description.
2024-02-15 16:33:09.631 [warning] [cmake-tools]: Couldn't find message for key cmake-tools.configuration.cmake.options.advanced.statusBarLength.description.
2024-02-15 16:33:09.632 [warning] [cmake-tools]: Couldn't find message for key cmake-tools.configuration.cmake.options.advanced.statusBarLength.description.
2024-02-15 16:33:09.632 [warning] [cmake-tools]: Couldn't find message for key cmake-tools.configuration.cmake.options.advanced.statusBarLength.description.
2024-02-15 16:33:09.633 [warning] [cmake-tools]: Couldn't find message for key cmake-tools.configuration.cmake.options.advanced.statusBarLength.description.
2024-02-15 16:33:09.633 [warning] [cmake-tools]: Couldn't find message for key cmake-tools.configuration.cmake.options.advanced.statusBarLength.description.
2024-02-15 16:38:09.791 [warning] [cmake-tools]: Couldn't find message for key cmake-tools.configuration.cmake.options.advanced.statusBarLength.description.
2024-02-15 16:38:09.792 [warning] [cmake-tools]: Couldn't find message for key cmake-tools.configuration.cmake.options.advanced.statusBarLength.description.
2024-02-15 16:38:09.792 [warning] [cmake-tools]: Couldn't find message for key cmake-tools.configuration.cmake.options.advanced.statusBarLength.description.
2024-02-15 16:38:09.792 [warning] [cmake-tools]: Couldn't find message for key cmake-tools.configuration.cmake.options.advanced.statusBarLength.description.
2024-02-15 16:38:09.793 [warning] [cmake-tools]: Couldn't find message for key cmake-tools.configuration.cmake.options.advanced.statusBarLength.description.
2024-02-15 16:38:09.793 [warning] [cmake-tools]: Couldn't find message for key cmake-tools.configuration.cmake.options.advanced.statusBarLength.description.
2024-02-15 16:38:09.793 [warning] [cmake-tools]: Couldn't find message for key cmake-tools.configuration.cmake.options.advanced.statusBarLength.description.
2024-02-15 16:38:09.794 [warning] [cmake-tools]: Couldn't find message for key cmake-tools.configuration.cmake.options.advanced.statusBarLength.description.
2024-02-15 16:38:09.794 [warning] [cmake-tools]: Couldn't find message for key cmake-tools.configuration.cmake.options.advanced.statusBarLength.description.
2024-02-15 16:38:09.794 [warning] [cmake-tools]: Couldn't find message for key cmake-tools.configuration.cmake.options.advanced.statusBarLength.description.
2024-02-15 16:38:09.794 [warning] [cmake-tools]: Couldn't find message for key cmake-tools.configuration.cmake.options.advanced.statusBarLength.description.
2024-02-15 16:38:09.795 [warning] [cmake-tools]: Couldn't find message for key cmake-tools.configuration.cmake.options.advanced.statusBarLength.description.
2024-02-15 16:43:09.971 [warning] [cmake-tools]: Couldn't find message for key cmake-tools.configuration.cmake.options.advanced.statusBarLength.description.
2024-02-15 16:43:09.971 [warning] [cmake-tools]: Couldn't find message for key cmake-tools.configuration.cmake.options.advanced.statusBarLength.description.
2024-02-15 16:43:09.971 [warning] [cmake-tools]: Couldn't find message for key cmake-tools.configuration.cmake.options.advanced.statusBarLength.description.
2024-02-15 16:43:09.972 [warning] [cmake-tools]: Couldn't find message for key cmake-tools.configuration.cmake.options.advanced.statusBarLength.description.
2024-02-15 16:43:09.972 [warning] [cmake-tools]: Couldn't find message for key cmake-tools.configuration.cmake.options.advanced.statusBarLength.description.
2024-02-15 16:43:09.972 [warning] [cmake-tools]: Couldn't find message for key cmake-tools.configuration.cmake.options.advanced.statusBarLength.description.
2024-02-15 16:43:09.973 [warning] [cmake-tools]: Couldn't find message for key cmake-tools.configuration.cmake.options.advanced.statusBarLength.description.
2024-02-15 16:43:09.974 [warning] [cmake-tools]: Couldn't find message for key cmake-tools.configuration.cmake.options.advanced.statusBarLength.description.
2024-02-15 16:43:09.974 [warning] [cmake-tools]: Couldn't find message for key cmake-tools.configuration.cmake.options.advanced.statusBarLength.description.
2024-02-15 16:43:09.975 [warning] [cmake-tools]: Couldn't find message for key cmake-tools.configuration.cmake.options.advanced.statusBarLength.description.
2024-02-15 16:43:09.975 [warning] [cmake-tools]: Couldn't find message for key cmake-tools.configuration.cmake.options.advanced.statusBarLength.description.
2024-02-15 16:43:09.976 [warning] [cmake-tools]: Couldn't find message for key cmake-tools.configuration.cmake.options.advanced.statusBarLength.description.
2024-02-15 16:48:10.099 [warning] [cmake-tools]: Couldn't find message for key cmake-tools.configuration.cmake.options.advanced.statusBarLength.description.
2024-02-15 16:48:10.100 [warning] [cmake-tools]: Couldn't find message for key cmake-tools.configuration.cmake.options.advanced.statusBarLength.description.
2024-02-15 16:48:10.100 [warning] [cmake-tools]: Couldn't find message for key cmake-tools.configuration.cmake.options.advanced.statusBarLength.description.
2024-02-15 16:48:10.100 [warning] [cmake-tools]: Couldn't find message for key cmake-tools.configuration.cmake.options.advanced.statusBarLength.description.
2024-02-15 16:48:10.100 [warning] [cmake-tools]: Couldn't find message for key cmake-tools.configuration.cmake.options.advanced.statusBarLength.description.
2024-02-15 16:48:10.100 [warning] [cmake-tools]: Couldn't find message for key cmake-tools.configuration.cmake.options.advanced.statusBarLength.description.
2024-02-15 16:48:10.100 [warning] [cmake-tools]: Couldn't find message for key cmake-tools.configuration.cmake.options.advanced.statusBarLength.description.
2024-02-15 16:48:10.100 [warning] [cmake-tools]: Couldn't find message for key cmake-tools.configuration.cmake.options.advanced.statusBarLength.description.
2024-02-15 16:48:10.100 [warning] [cmake-tools]: Couldn't find message for key cmake-tools.configuration.cmake.options.advanced.statusBarLength.description.
2024-02-15 16:48:10.100 [warning] [cmake-tools]: Couldn't find message for key cmake-tools.configuration.cmake.options.advanced.statusBarLength.description.
2024-02-15 16:48:10.101 [warning] [cmake-tools]: Couldn't find message for key cmake-tools.configuration.cmake.options.advanced.statusBarLength.description.
2024-02-15 16:48:10.101 [warning] [cmake-tools]: Couldn't find message for key cmake-tools.configuration.cmake.options.advanced.statusBarLength.description.
2024-02-15 16:53:10.174 [warning] [cmake-tools]: Couldn't find message for key cmake-tools.configuration.cmake.options.advanced.statusBarLength.description.
2024-02-15 16:53:10.174 [warning] [cmake-tools]: Couldn't find message for key cmake-tools.configuration.cmake.options.advanced.statusBarLength.description.
2024-02-15 16:53:10.175 [warning] [cmake-tools]: Couldn't find message for key cmake-tools.configuration.cmake.options.advanced.statusBarLength.description.
2024-02-15 16:53:10.175 [warning] [cmake-tools]: Couldn't find message for key cmake-tools.configuration.cmake.options.advanced.statusBarLength.description.
2024-02-15 16:53:10.175 [warning] [cmake-tools]: Couldn't find message for key cmake-tools.configuration.cmake.options.advanced.statusBarLength.description.
2024-02-15 16:53:10.175 [warning] [cmake-tools]: Couldn't find message for key cmake-tools.configuration.cmake.options.advanced.statusBarLength.description.
2024-02-15 16:53:10.175 [warning] [cmake-tools]: Couldn't find message for key cmake-tools.configuration.cmake.options.advanced.statusBarLength.description.
2024-02-15 16:53:10.175 [warning] [cmake-tools]: Couldn't find message for key cmake-tools.configuration.cmake.options.advanced.statusBarLength.description.
2024-02-15 16:53:10.175 [warning] [cmake-tools]: Couldn't find message for key cmake-tools.configuration.cmake.options.advanced.statusBarLength.description.
2024-02-15 16:53:10.175 [warning] [cmake-tools]: Couldn't find message for key cmake-tools.configuration.cmake.options.advanced.statusBarLength.description.
2024-02-15 16:53:10.176 [warning] [cmake-tools]: Couldn't find message for key cmake-tools.configuration.cmake.options.advanced.statusBarLength.description.
2024-02-15 16:53:10.176 [warning] [cmake-tools]: Couldn't find message for key cmake-tools.configuration.cmake.options.advanced.statusBarLength.description.
2024-02-15 16:58:10.276 [warning] [cmake-tools]: Couldn't find message for key cmake-tools.configuration.cmake.options.advanced.statusBarLength.description.
2024-02-15 16:58:10.277 [warning] [cmake-tools]: Couldn't find message for key cmake-tools.configuration.cmake.options.advanced.statusBarLength.description.
2024-02-15 16:58:10.277 [warning] [cmake-tools]: Couldn't find message for key cmake-tools.configuration.cmake.options.advanced.statusBarLength.description.
2024-02-15 16:58:10.277 [warning] [cmake-tools]: Couldn't find message for key cmake-tools.configuration.cmake.options.advanced.statusBarLength.description.
2024-02-15 16:58:10.277 [warning] [cmake-tools]: Couldn't find message for key cmake-tools.configuration.cmake.options.advanced.statusBarLength.description.
2024-02-15 16:58:10.278 [warning] [cmake-tools]: Couldn't find message for key cmake-tools.configuration.cmake.options.advanced.statusBarLength.description.
2024-02-15 16:58:10.278 [warning] [cmake-tools]: Couldn't find message for key cmake-tools.configuration.cmake.options.advanced.statusBarLength.description.
2024-02-15 16:58:10.278 [warning] [cmake-tools]: Couldn't find message for key cmake-tools.configuration.cmake.options.advanced.statusBarLength.description.
2024-02-15 16:58:10.278 [warning] [cmake-tools]: Couldn't find message for key cmake-tools.configuration.cmake.options.advanced.statusBarLength.description.
2024-02-15 16:58:10.278 [warning] [cmake-tools]: Couldn't find message for key cmake-tools.configuration.cmake.options.advanced.statusBarLength.description.
2024-02-15 16:58:10.278 [warning] [cmake-tools]: Couldn't find message for key cmake-tools.configuration.cmake.options.advanced.statusBarLength.description.
2024-02-15 16:58:10.278 [warning] [cmake-tools]: Couldn't find message for key cmake-tools.configuration.cmake.options.advanced.statusBarLength.description.
2024-02-15 17:03:10.390 [warning] [cmake-tools]: Couldn't find message for key cmake-tools.configuration.cmake.options.advanced.statusBarLength.description.
2024-02-15 17:03:10.391 [warning] [cmake-tools]: Couldn't find message for key cmake-tools.configuration.cmake.options.advanced.statusBarLength.description.
2024-02-15 17:03:10.391 [warning] [cmake-tools]: Couldn't find message for key cmake-tools.configuration.cmake.options.advanced.statusBarLength.description.
2024-02-15 17:03:10.391 [warning] [cmake-tools]: Couldn't find message for key cmake-tools.configuration.cmake.options.advanced.statusBarLength.description.
2024-02-15 17:03:10.391 [warning] [cmake-tools]: Couldn't find message for key cmake-tools.configuration.cmake.options.advanced.statusBarLength.description.
2024-02-15 17:03:10.391 [warning] [cmake-tools]: Couldn't find message for key cmake-tools.configuration.cmake.options.advanced.statusBarLength.description.
2024-02-15 17:03:10.392 [warning] [cmake-tools]: Couldn't find message for key cmake-tools.configuration.cmake.options.advanced.statusBarLength.description.
2024-02-15 17:03:10.392 [warning] [cmake-tools]: Couldn't find message for key cmake-tools.configuration.cmake.options.advanced.statusBarLength.description.
2024-02-15 17:03:10.392 [warning] [cmake-tools]: Couldn't find message for key cmake-tools.configuration.cmake.options.advanced.statusBarLength.description.
2024-02-15 17:03:10.392 [warning] [cmake-tools]: Couldn't find message for key cmake-tools.configuration.cmake.options.advanced.statusBarLength.description.
2024-02-15 17:03:10.393 [warning] [cmake-tools]: Couldn't find message for key cmake-tools.configuration.cmake.options.advanced.statusBarLength.description.
2024-02-15 17:03:10.393 [warning] [cmake-tools]: Couldn't find message for key cmake-tools.configuration.cmake.options.advanced.statusBarLength.description.
2024-02-15 17:08:10.456 [warning] [cmake-tools]: Couldn't find message for key cmake-tools.configuration.cmake.options.advanced.statusBarLength.description.
2024-02-15 17:08:10.456 [warning] [cmake-tools]: Couldn't find message for key cmake-tools.configuration.cmake.options.advanced.statusBarLength.description.
2024-02-15 17:08:10.456 [warning] [cmake-tools]: Couldn't find message for key cmake-tools.configuration.cmake.options.advanced.statusBarLength.description.
2024-02-15 17:08:10.456 [warning] [cmake-tools]: Couldn't find message for key cmake-tools.configuration.cmake.options.advanced.statusBarLength.description.
2024-02-15 17:08:10.456 [warning] [cmake-tools]: Couldn't find message for key cmake-tools.configuration.cmake.options.advanced.statusBarLength.description.
2024-02-15 17:08:10.456 [warning] [cmake-tools]: Couldn't find message for key cmake-tools.configuration.cmake.options.advanced.statusBarLength.description.
2024-02-15 17:08:10.456 [warning] [cmake-tools]: Couldn't find message for key cmake-tools.configuration.cmake.options.advanced.statusBarLength.description.
2024-02-15 17:08:10.456 [warning] [cmake-tools]: Couldn't find message for key cmake-tools.configuration.cmake.options.advanced.statusBarLength.description.
2024-02-15 17:08:10.457 [warning] [cmake-tools]: Couldn't find message for key cmake-tools.configuration.cmake.options.advanced.statusBarLength.description.
2024-02-15 17:08:10.457 [warning] [cmake-tools]: Couldn't find message for key cmake-tools.configuration.cmake.options.advanced.statusBarLength.description.
2024-02-15 17:08:10.457 [warning] [cmake-tools]: Couldn't find message for key cmake-tools.configuration.cmake.options.advanced.statusBarLength.description.
2024-02-15 17:08:10.457 [warning] [cmake-tools]: Couldn't find message for key cmake-tools.configuration.cmake.options.advanced.statusBarLength.description.
2024-02-15 17:13:10.725 [warning] [cmake-tools]: Couldn't find message for key cmake-tools.configuration.cmake.options.advanced.statusBarLength.description.
2024-02-15 17:13:10.726 [warning] [cmake-tools]: Couldn't find message for key cmake-tools.configuration.cmake.options.advanced.statusBarLength.description.
2024-02-15 17:13:10.726 [warning] [cmake-tools]: Couldn't find message for key cmake-tools.configuration.cmake.options.advanced.statusBarLength.description.
2024-02-15 17:13:10.726 [warning] [cmake-tools]: Couldn't find message for key cmake-tools.configuration.cmake.options.advanced.statusBarLength.description.
2024-02-15 17:13:10.727 [warning] [cmake-tools]: Couldn't find message for key cmake-tools.configuration.cmake.options.advanced.statusBarLength.description.
2024-02-15 17:13:10.727 [warning] [cmake-tools]: Couldn't find message for key cmake-tools.configuration.cmake.options.advanced.statusBarLength.description.
2024-02-15 17:13:10.727 [warning] [cmake-tools]: Couldn't find message for key cmake-tools.configuration.cmake.options.advanced.statusBarLength.description.
2024-02-15 17:13:10.727 [warning] [cmake-tools]: Couldn't find message for key cmake-tools.configuration.cmake.options.advanced.statusBarLength.description.
2024-02-15 17:13:10.728 [warning] [cmake-tools]: Couldn't find message for key cmake-tools.configuration.cmake.options.advanced.statusBarLength.description.
2024-02-15 17:13:10.728 [warning] [cmake-tools]: Couldn't find message for key cmake-tools.configuration.cmake.options.advanced.statusBarLength.description.
2024-02-15 17:13:10.728 [warning] [cmake-tools]: Couldn't find message for key cmake-tools.configuration.cmake.options.advanced.statusBarLength.description.
2024-02-15 17:13:10.729 [warning] [cmake-tools]: Couldn't find message for key cmake-tools.configuration.cmake.options.advanced.statusBarLength.description.
2024-02-15 17:18:10.876 [warning] [cmake-tools]: Couldn't find message for key cmake-tools.configuration.cmake.options.advanced.statusBarLength.description.
2024-02-15 17:18:10.877 [warning] [cmake-tools]: Couldn't find message for key cmake-tools.configuration.cmake.options.advanced.statusBarLength.description.
2024-02-15 17:18:10.878 [warning] [cmake-tools]: Couldn't find message for key cmake-tools.configuration.cmake.options.advanced.statusBarLength.description.
2024-02-15 17:18:10.878 [warning] [cmake-tools]: Couldn't find message for key cmake-tools.configuration.cmake.options.advanced.statusBarLength.description.
2024-02-15 17:18:10.878 [warning] [cmake-tools]: Couldn't find message for key cmake-tools.configuration.cmake.options.advanced.statusBarLength.description.
2024-02-15 17:18:10.878 [warning] [cmake-tools]: Couldn't find message for key cmake-tools.configuration.cmake.options.advanced.statusBarLength.description.
2024-02-15 17:18:10.878 [warning] [cmake-tools]: Couldn't find message for key cmake-tools.configuration.cmake.options.advanced.statusBarLength.description.
2024-02-15 17:18:10.879 [warning] [cmake-tools]: Couldn't find message for key cmake-tools.configuration.cmake.options.advanced.statusBarLength.description.
2024-02-15 17:18:10.879 [warning] [cmake-tools]: Couldn't find message for key cmake-tools.configuration.cmake.options.advanced.statusBarLength.description.
2024-02-15 17:18:10.879 [warning] [cmake-tools]: Couldn't find message for key cmake-tools.configuration.cmake.options.advanced.statusBarLength.description.
2024-02-15 17:18:10.879 [warning] [cmake-tools]: Couldn't find message for key cmake-tools.configuration.cmake.options.advanced.statusBarLength.description.
2024-02-15 17:18:10.880 [warning] [cmake-tools]: Couldn't find message for key cmake-tools.configuration.cmake.options.advanced.statusBarLength.description.
2024-02-15 17:23:10.994 [warning] [cmake-tools]: Couldn't find message for key cmake-tools.configuration.cmake.options.advanced.statusBarLength.description.
2024-02-15 17:23:10.994 [warning] [cmake-tools]: Couldn't find message for key cmake-tools.configuration.cmake.options.advanced.statusBarLength.description.
2024-02-15 17:23:10.994 [warning] [cmake-tools]: Couldn't find message for key cmake-tools.configuration.cmake.options.advanced.statusBarLength.description.
2024-02-15 17:23:10.994 [warning] [cmake-tools]: Couldn't find message for key cmake-tools.configuration.cmake.options.advanced.statusBarLength.description.
2024-02-15 17:23:10.994 [warning] [cmake-tools]: Couldn't find message for key cmake-tools.configuration.cmake.options.advanced.statusBarLength.description.
2024-02-15 17:23:10.994 [warning] [cmake-tools]: Couldn't find message for key cmake-tools.configuration.cmake.options.advanced.statusBarLength.description.
2024-02-15 17:23:10.994 [warning] [cmake-tools]: Couldn't find message for key cmake-tools.configuration.cmake.options.advanced.statusBarLength.description.
2024-02-15 17:23:10.994 [warning] [cmake-tools]: Couldn't find message for key cmake-tools.configuration.cmake.options.advanced.statusBarLength.description.
2024-02-15 17:23:10.994 [warning] [cmake-tools]: Couldn't find message for key cmake-tools.configuration.cmake.options.advanced.statusBarLength.description.
2024-02-15 17:23:10.995 [warning] [cmake-tools]: Couldn't find message for key cmake-tools.configuration.cmake.options.advanced.statusBarLength.description.
2024-02-15 17:23:10.995 [warning] [cmake-tools]: Couldn't find message for key cmake-tools.configuration.cmake.options.advanced.statusBarLength.description.
2024-02-15 17:23:10.995 [warning] [cmake-tools]: Couldn't find message for key cmake-tools.configuration.cmake.options.advanced.statusBarLength.description.
2024-02-15 17:28:11.071 [warning] [cmake-tools]: Couldn't find message for key cmake-tools.configuration.cmake.options.advanced.statusBarLength.description.
2024-02-15 17:28:11.071 [warning] [cmake-tools]: Couldn't find message for key cmake-tools.configuration.cmake.options.advanced.statusBarLength.description.
2024-02-15 17:28:11.071 [warning] [cmake-tools]: Couldn't find message for key cmake-tools.configuration.cmake.options.advanced.statusBarLength.description.
2024-02-15 17:28:11.071 [warning] [cmake-tools]: Couldn't find message for key cmake-tools.configuration.cmake.options.advanced.statusBarLength.description.
2024-02-15 17:28:11.071 [warning] [cmake-tools]: Couldn't find message for key cmake-tools.configuration.cmake.options.advanced.statusBarLength.description.
2024-02-15 17:28:11.072 [warning] [cmake-tools]: Couldn't find message for key cmake-tools.configuration.cmake.options.advanced.statusBarLength.description.
2024-02-15 17:28:11.072 [warning] [cmake-tools]: Couldn't find message for key cmake-tools.configuration.cmake.options.advanced.statusBarLength.description.
2024-02-15 17:28:11.072 [warning] [cmake-tools]: Couldn't find message for key cmake-tools.configuration.cmake.options.advanced.statusBarLength.description.
2024-02-15 17:28:11.072 [warning] [cmake-tools]: Couldn't find message for key cmake-tools.configuration.cmake.options.advanced.statusBarLength.description.
2024-02-15 17:28:11.072 [warning] [cmake-tools]: Couldn't find message for key cmake-tools.configuration.cmake.options.advanced.statusBarLength.description.
2024-02-15 17:28:11.072 [warning] [cmake-tools]: Couldn't find message for key cmake-tools.configuration.cmake.options.advanced.statusBarLength.description.
2024-02-15 17:28:11.073 [warning] [cmake-tools]: Couldn't find message for key cmake-tools.configuration.cmake.options.advanced.statusBarLength.description.
2024-02-15 17:33:11.210 [warning] [cmake-tools]: Couldn't find message for key cmake-tools.configuration.cmake.options.advanced.statusBarLength.description.
2024-02-15 17:33:11.212 [warning] [cmake-tools]: Couldn't find message for key cmake-tools.configuration.cmake.options.advanced.statusBarLength.description.
2024-02-15 17:33:11.212 [warning] [cmake-tools]: Couldn't find message for key cmake-tools.configuration.cmake.options.advanced.statusBarLength.description.
2024-02-15 17:33:11.212 [warning] [cmake-tools]: Couldn't find message for key cmake-tools.configuration.cmake.options.advanced.statusBarLength.description.
2024-02-15 17:33:11.213 [warning] [cmake-tools]: Couldn't find message for key cmake-tools.configuration.cmake.options.advanced.statusBarLength.description.
2024-02-15 17:33:11.213 [warning] [cmake-tools]: Couldn't find message for key cmake-tools.configuration.cmake.options.advanced.statusBarLength.description.
2024-02-15 17:33:11.213 [warning] [cmake-tools]: Couldn't find message for key cmake-tools.configuration.cmake.options.advanced.statusBarLength.description.
2024-02-15 17:33:11.214 [warning] [cmake-tools]: Couldn't find message for key cmake-tools.configuration.cmake.options.advanced.statusBarLength.description.
2024-02-15 17:33:11.214 [warning] [cmake-tools]: Couldn't find message for key cmake-tools.configuration.cmake.options.advanced.statusBarLength.description.
2024-02-15 17:33:11.214 [warning] [cmake-tools]: Couldn't find message for key cmake-tools.configuration.cmake.options.advanced.statusBarLength.description.
2024-02-15 17:33:11.215 [warning] [cmake-tools]: Couldn't find message for key cmake-tools.configuration.cmake.options.advanced.statusBarLength.description.
2024-02-15 17:33:11.215 [warning] [cmake-tools]: Couldn't find message for key cmake-tools.configuration.cmake.options.advanced.statusBarLength.description.
2024-02-15 17:38:11.365 [warning] [cmake-tools]: Couldn't find message for key cmake-tools.configuration.cmake.options.advanced.statusBarLength.description.
2024-02-15 17:38:11.365 [warning] [cmake-tools]: Couldn't find message for key cmake-tools.configuration.cmake.options.advanced.statusBarLength.description.
2024-02-15 17:38:11.365 [warning] [cmake-tools]: Couldn't find message for key cmake-tools.configuration.cmake.options.advanced.statusBarLength.description.
2024-02-15 17:38:11.366 [warning] [cmake-tools]: Couldn't find message for key cmake-tools.configuration.cmake.options.advanced.statusBarLength.description.
2024-02-15 17:38:11.366 [warning] [cmake-tools]: Couldn't find message for key cmake-tools.configuration.cmake.options.advanced.statusBarLength.description.
2024-02-15 17:38:11.366 [warning] [cmake-tools]: Couldn't find message for key cmake-tools.configuration.cmake.options.advanced.statusBarLength.description.
2024-02-15 17:38:11.367 [warning] [cmake-tools]: Couldn't find message for key cmake-tools.configuration.cmake.options.advanced.statusBarLength.description.
2024-02-15 17:38:11.367 [warning] [cmake-tools]: Couldn't find message for key cmake-tools.configuration.cmake.options.advanced.statusBarLength.description.
2024-02-15 17:38:11.367 [warning] [cmake-tools]: Couldn't find message for key cmake-tools.configuration.cmake.options.advanced.statusBarLength.description.
2024-02-15 17:38:11.367 [warning] [cmake-tools]: Couldn't find message for key cmake-tools.configuration.cmake.options.advanced.statusBarLength.description.
2024-02-15 17:38:11.368 [warning] [cmake-tools]: Couldn't find message for key cmake-tools.configuration.cmake.options.advanced.statusBarLength.description.
2024-02-15 17:38:11.368 [warning] [cmake-tools]: Couldn't find message for key cmake-tools.configuration.cmake.options.advanced.statusBarLength.description.
2024-02-15 17:56:55.661 [warning] [cmake-tools]: Couldn't find message for key cmake-tools.configuration.cmake.options.advanced.statusBarLength.description.
2024-02-15 17:56:55.662 [warning] [cmake-tools]: Couldn't find message for key cmake-tools.configuration.cmake.options.advanced.statusBarLength.description.
2024-02-15 17:56:55.662 [warning] [cmake-tools]: Couldn't find message for key cmake-tools.configuration.cmake.options.advanced.statusBarLength.description.
2024-02-15 17:56:55.663 [warning] [cmake-tools]: Couldn't find message for key cmake-tools.configuration.cmake.options.advanced.statusBarLength.description.
2024-02-15 17:56:55.664 [warning] [cmake-tools]: Couldn't find message for key cmake-tools.configuration.cmake.options.advanced.statusBarLength.description.
2024-02-15 17:56:55.665 [warning] [cmake-tools]: Couldn't find message for key cmake-tools.configuration.cmake.options.advanced.statusBarLength.description.
2024-02-15 17:56:55.665 [warning] [cmake-tools]: Couldn't find message for key cmake-tools.configuration.cmake.options.advanced.statusBarLength.description.
2024-02-15 17:56:55.665 [warning] [cmake-tools]: Couldn't find message for key cmake-tools.configuration.cmake.options.advanced.statusBarLength.description.
2024-02-15 17:56:55.666 [warning] [cmake-tools]: Couldn't find message for key cmake-tools.configuration.cmake.options.advanced.statusBarLength.description.
2024-02-15 17:56:55.666 [warning] [cmake-tools]: Couldn't find message for key cmake-tools.configuration.cmake.options.advanced.statusBarLength.description.
2024-02-15 17:56:55.667 [warning] [cmake-tools]: Couldn't find message for key cmake-tools.configuration.cmake.options.advanced.statusBarLength.description.
2024-02-15 17:56:55.668 [warning] [cmake-tools]: Couldn't find message for key cmake-tools.configuration.cmake.options.advanced.statusBarLength.description.
2024-02-15 18:01:55.793 [warning] [cmake-tools]: Couldn't find message for key cmake-tools.configuration.cmake.options.advanced.statusBarLength.description.
2024-02-15 18:01:55.793 [warning] [cmake-tools]: Couldn't find message for key cmake-tools.configuration.cmake.options.advanced.statusBarLength.description.
2024-02-15 18:01:55.794 [warning] [cmake-tools]: Couldn't find message for key cmake-tools.configuration.cmake.options.advanced.statusBarLength.description.
2024-02-15 18:01:55.794 [warning] [cmake-tools]: Couldn't find message for key cmake-tools.configuration.cmake.options.advanced.statusBarLength.description.
2024-02-15 18:01:55.794 [warning] [cmake-tools]: Couldn't find message for key cmake-tools.configuration.cmake.options.advanced.statusBarLength.description.
2024-02-15 18:01:55.795 [warning] [cmake-tools]: Couldn't find message for key cmake-tools.configuration.cmake.options.advanced.statusBarLength.description.
2024-02-15 18:01:55.795 [warning] [cmake-tools]: Couldn't find message for key cmake-tools.configuration.cmake.options.advanced.statusBarLength.description.
2024-02-15 18:01:55.796 [warning] [cmake-tools]: Couldn't find message for key cmake-tools.configuration.cmake.options.advanced.statusBarLength.description.
2024-02-15 18:01:55.796 [warning] [cmake-tools]: Couldn't find message for key cmake-tools.configuration.cmake.options.advanced.statusBarLength.description.
2024-02-15 18:01:55.796 [warning] [cmake-tools]: Couldn't find message for key cmake-tools.configuration.cmake.options.advanced.statusBarLength.description.
2024-02-15 18:01:55.797 [warning] [cmake-tools]: Couldn't find message for key cmake-tools.configuration.cmake.options.advanced.statusBarLength.description.
2024-02-15 18:01:55.797 [warning] [cmake-tools]: Couldn't find message for key cmake-tools.configuration.cmake.options.advanced.statusBarLength.description.
2024-02-15 18:06:55.959 [warning] [cmake-tools]: Couldn't find message for key cmake-tools.configuration.cmake.options.advanced.statusBarLength.description.
2024-02-15 18:06:55.959 [warning] [cmake-tools]: Couldn't find message for key cmake-tools.configuration.cmake.options.advanced.statusBarLength.description.
2024-02-15 18:06:55.960 [warning] [cmake-tools]: Couldn't find message for key cmake-tools.configuration.cmake.options.advanced.statusBarLength.description.
2024-02-15 18:06:55.960 [warning] [cmake-tools]: Couldn't find message for key cmake-tools.configuration.cmake.options.advanced.statusBarLength.description.
2024-02-15 18:06:55.960 [warning] [cmake-tools]: Couldn't find message for key cmake-tools.configuration.cmake.options.advanced.statusBarLength.description.
2024-02-15 18:06:55.961 [warning] [cmake-tools]: Couldn't find message for key cmake-tools.configuration.cmake.options.advanced.statusBarLength.description.
2024-02-15 18:06:55.961 [warning] [cmake-tools]: Couldn't find message for key cmake-tools.configuration.cmake.options.advanced.statusBarLength.description.
2024-02-15 18:06:55.961 [warning] [cmake-tools]: Couldn't find message for key cmake-tools.configuration.cmake.options.advanced.statusBarLength.description.
2024-02-15 18:06:55.962 [warning] [cmake-tools]: Couldn't find message for key cmake-tools.configuration.cmake.options.advanced.statusBarLength.description.
2024-02-15 18:06:55.962 [warning] [cmake-tools]: Couldn't find message for key cmake-tools.configuration.cmake.options.advanced.statusBarLength.description.
2024-02-15 18:06:55.962 [warning] [cmake-tools]: Couldn't find message for key cmake-tools.configuration.cmake.options.advanced.statusBarLength.description.
2024-02-15 18:06:55.962 [warning] [cmake-tools]: Couldn't find message for key cmake-tools.configuration.cmake.options.advanced.statusBarLength.description.
2024-02-15 18:19:46.116 [warning] [cmake-tools]: Couldn't find message for key cmake-tools.configuration.cmake.options.advanced.statusBarLength.description.
2024-02-15 18:19:46.116 [warning] [cmake-tools]: Couldn't find message for key cmake-tools.configuration.cmake.options.advanced.statusBarLength.description.
2024-02-15 18:19:46.116 [warning] [cmake-tools]: Couldn't find message for key cmake-tools.configuration.cmake.options.advanced.statusBarLength.description.
2024-02-15 18:19:46.116 [warning] [cmake-tools]: Couldn't find message for key cmake-tools.configuration.cmake.options.advanced.statusBarLength.description.
2024-02-15 18:19:46.116 [warning] [cmake-tools]: Couldn't find message for key cmake-tools.configuration.cmake.options.advanced.statusBarLength.description.
2024-02-15 18:19:46.116 [warning] [cmake-tools]: Couldn't find message for key cmake-tools.configuration.cmake.options.advanced.statusBarLength.description.
2024-02-15 18:19:46.116 [warning] [cmake-tools]: Couldn't find message for key cmake-tools.configuration.cmake.options.advanced.statusBarLength.description.
2024-02-15 18:19:46.117 [warning] [cmake-tools]: Couldn't find message for key cmake-tools.configuration.cmake.options.advanced.statusBarLength.description.
2024-02-15 18:19:46.117 [warning] [cmake-tools]: Couldn't find message for key cmake-tools.configuration.cmake.options.advanced.statusBarLength.description.
2024-02-15 18:19:46.117 [warning] [cmake-tools]: Couldn't find message for key cmake-tools.configuration.cmake.options.advanced.statusBarLength.description.
2024-02-15 18:19:46.117 [warning] [cmake-tools]: Couldn't find message for key cmake-tools.configuration.cmake.options.advanced.statusBarLength.description.
2024-02-15 18:19:46.117 [warning] [cmake-tools]: Couldn't find message for key cmake-tools.configuration.cmake.options.advanced.statusBarLength.description.
2024-02-15 18:24:46.307 [warning] [cmake-tools]: Couldn't find message for key cmake-tools.configuration.cmake.options.advanced.statusBarLength.description.
2024-02-15 18:24:46.307 [warning] [cmake-tools]: Couldn't find message for key cmake-tools.configuration.cmake.options.advanced.statusBarLength.description.
2024-02-15 18:24:46.308 [warning] [cmake-tools]: Couldn't find message for key cmake-tools.configuration.cmake.options.advanced.statusBarLength.description.
2024-02-15 18:24:46.308 [warning] [cmake-tools]: Couldn't find message for key cmake-tools.configuration.cmake.options.advanced.statusBarLength.description.
2024-02-15 18:24:46.308 [warning] [cmake-tools]: Couldn't find message for key cmake-tools.configuration.cmake.options.advanced.statusBarLength.description.
2024-02-15 18:24:46.311 [warning] [cmake-tools]: Couldn't find message for key cmake-tools.configuration.cmake.options.advanced.statusBarLength.description.
2024-02-15 18:24:46.313 [warning] [cmake-tools]: Couldn't find message for key cmake-tools.configuration.cmake.options.advanced.statusBarLength.description.
2024-02-15 18:24:46.314 [warning] [cmake-tools]: Couldn't find message for key cmake-tools.configuration.cmake.options.advanced.statusBarLength.description.
2024-02-15 18:24:46.314 [warning] [cmake-tools]: Couldn't find message for key cmake-tools.configuration.cmake.options.advanced.statusBarLength.description.
2024-02-15 18:24:46.314 [warning] [cmake-tools]: Couldn't find message for key cmake-tools.configuration.cmake.options.advanced.statusBarLength.description.
2024-02-15 18:24:46.315 [warning] [cmake-tools]: Couldn't find message for key cmake-tools.configuration.cmake.options.advanced.statusBarLength.description.
2024-02-15 18:24:46.315 [warning] [cmake-tools]: Couldn't find message for key cmake-tools.configuration.cmake.options.advanced.statusBarLength.description.
2024-02-15 18:29:46.446 [warning] [cmake-tools]: Couldn't find message for key cmake-tools.configuration.cmake.options.advanced.statusBarLength.description.
2024-02-15 18:29:46.446 [warning] [cmake-tools]: Couldn't find message for key cmake-tools.configuration.cmake.options.advanced.statusBarLength.description.
2024-02-15 18:29:46.446 [warning] [cmake-tools]: Couldn't find message for key cmake-tools.configuration.cmake.options.advanced.statusBarLength.description.
2024-02-15 18:29:46.447 [warning] [cmake-tools]: Couldn't find message for key cmake-tools.configuration.cmake.options.advanced.statusBarLength.description.
2024-02-15 18:29:46.447 [warning] [cmake-tools]: Couldn't find message for key cmake-tools.configuration.cmake.options.advanced.statusBarLength.description.
2024-02-15 18:29:46.447 [warning] [cmake-tools]: Couldn't find message for key cmake-tools.configuration.cmake.options.advanced.statusBarLength.description.
2024-02-15 18:29:46.447 [warning] [cmake-tools]: Couldn't find message for key cmake-tools.configuration.cmake.options.advanced.statusBarLength.description.
2024-02-15 18:29:46.447 [warning] [cmake-tools]: Couldn't find message for key cmake-tools.configuration.cmake.options.advanced.statusBarLength.description.
2024-02-15 18:29:46.448 [warning] [cmake-tools]: Couldn't find message for key cmake-tools.configuration.cmake.options.advanced.statusBarLength.description.
2024-02-15 18:29:46.448 [warning] [cmake-tools]: Couldn't find message for key cmake-tools.configuration.cmake.options.advanced.statusBarLength.description.
2024-02-15 18:29:46.448 [warning] [cmake-tools]: Couldn't find message for key cmake-tools.configuration.cmake.options.advanced.statusBarLength.description.
2024-02-15 18:29:46.448 [warning] [cmake-tools]: Couldn't find message for key cmake-tools.configuration.cmake.options.advanced.statusBarLength.description.
2024-02-15 18:34:46.611 [warning] [cmake-tools]: Couldn't find message for key cmake-tools.configuration.cmake.options.advanced.statusBarLength.description.
2024-02-15 18:34:46.612 [warning] [cmake-tools]: Couldn't find message for key cmake-tools.configuration.cmake.options.advanced.statusBarLength.description.
2024-02-15 18:34:46.612 [warning] [cmake-tools]: Couldn't find message for key cmake-tools.configuration.cmake.options.advanced.statusBarLength.description.
2024-02-15 18:34:46.612 [warning] [cmake-tools]: Couldn't find message for key cmake-tools.configuration.cmake.options.advanced.statusBarLength.description.
2024-02-15 18:34:46.613 [warning] [cmake-tools]: Couldn't find message for key cmake-tools.configuration.cmake.options.advanced.statusBarLength.description.
2024-02-15 18:34:46.613 [warning] [cmake-tools]: Couldn't find message for key cmake-tools.configuration.cmake.options.advanced.statusBarLength.description.
2024-02-15 18:34:46.613 [warning] [cmake-tools]: Couldn't find message for key cmake-tools.configuration.cmake.options.advanced.statusBarLength.description.
2024-02-15 18:34:46.614 [warning] [cmake-tools]: Couldn't find message for key cmake-tools.configuration.cmake.options.advanced.statusBarLength.description.
2024-02-15 18:34:46.614 [warning] [cmake-tools]: Couldn't find message for key cmake-tools.configuration.cmake.options.advanced.statusBarLength.description.
2024-02-15 18:34:46.614 [warning] [cmake-tools]: Couldn't find message for key cmake-tools.configuration.cmake.options.advanced.statusBarLength.description.
2024-02-15 18:34:46.615 [warning] [cmake-tools]: Couldn't find message for key cmake-tools.configuration.cmake.options.advanced.statusBarLength.description.
2024-02-15 18:34:46.615 [warning] [cmake-tools]: Couldn't find message for key cmake-tools.configuration.cmake.options.advanced.statusBarLength.description.
2024-02-15 18:39:46.795 [warning] [cmake-tools]: Couldn't find message for key cmake-tools.configuration.cmake.options.advanced.statusBarLength.description.
2024-02-15 18:39:46.796 [warning] [cmake-tools]: Couldn't find message for key cmake-tools.configuration.cmake.options.advanced.statusBarLength.description.
2024-02-15 18:39:46.796 [warning] [cmake-tools]: Couldn't find message for key cmake-tools.configuration.cmake.options.advanced.statusBarLength.description.
2024-02-15 18:39:46.796 [warning] [cmake-tools]: Couldn't find message for key cmake-tools.configuration.cmake.options.advanced.statusBarLength.description.
2024-02-15 18:39:46.797 [warning] [cmake-tools]: Couldn't find message for key cmake-tools.configuration.cmake.options.advanced.statusBarLength.description.
2024-02-15 18:39:46.797 [warning] [cmake-tools]: Couldn't find message for key cmake-tools.configuration.cmake.options.advanced.statusBarLength.description.
2024-02-15 18:39:46.797 [warning] [cmake-tools]: Couldn't find message for key cmake-tools.configuration.cmake.options.advanced.statusBarLength.description.
2024-02-15 18:39:46.798 [warning] [cmake-tools]: Couldn't find message for key cmake-tools.configuration.cmake.options.advanced.statusBarLength.description.
2024-02-15 18:39:46.798 [warning] [cmake-tools]: Couldn't find message for key cmake-tools.configuration.cmake.options.advanced.statusBarLength.description.
2024-02-15 18:39:46.799 [warning] [cmake-tools]: Couldn't find message for key cmake-tools.configuration.cmake.options.advanced.statusBarLength.description.
2024-02-15 18:39:46.799 [warning] [cmake-tools]: Couldn't find message for key cmake-tools.configuration.cmake.options.advanced.statusBarLength.description.
2024-02-15 18:39:46.799 [warning] [cmake-tools]: Couldn't find message for key cmake-tools.configuration.cmake.options.advanced.statusBarLength.description.
2024-02-15 18:44:46.976 [warning] [cmake-tools]: Couldn't find message for key cmake-tools.configuration.cmake.options.advanced.statusBarLength.description.
2024-02-15 18:44:46.976 [warning] [cmake-tools]: Couldn't find message for key cmake-tools.configuration.cmake.options.advanced.statusBarLength.description.
2024-02-15 18:44:46.977 [warning] [cmake-tools]: Couldn't find message for key cmake-tools.configuration.cmake.options.advanced.statusBarLength.description.
2024-02-15 18:44:46.977 [warning] [cmake-tools]: Couldn't find message for key cmake-tools.configuration.cmake.options.advanced.statusBarLength.description.
2024-02-15 18:44:46.977 [warning] [cmake-tools]: Couldn't find message for key cmake-tools.configuration.cmake.options.advanced.statusBarLength.description.
2024-02-15 18:44:46.978 [warning] [cmake-tools]: Couldn't find message for key cmake-tools.configuration.cmake.options.advanced.statusBarLength.description.
2024-02-15 18:44:46.978 [warning] [cmake-tools]: Couldn't find message for key cmake-tools.configuration.cmake.options.advanced.statusBarLength.description.
2024-02-15 18:44:46.978 [warning] [cmake-tools]: Couldn't find message for key cmake-tools.configuration.cmake.options.advanced.statusBarLength.description.
2024-02-15 18:44:46.978 [warning] [cmake-tools]: Couldn't find message for key cmake-tools.configuration.cmake.options.advanced.statusBarLength.description.
2024-02-15 18:44:46.979 [warning] [cmake-tools]: Couldn't find message for key cmake-tools.configuration.cmake.options.advanced.statusBarLength.description.
2024-02-15 18:44:46.979 [warning] [cmake-tools]: Couldn't find message for key cmake-tools.configuration.cmake.options.advanced.statusBarLength.description.
2024-02-15 18:44:46.979 [warning] [cmake-tools]: Couldn't find message for key cmake-tools.configuration.cmake.options.advanced.statusBarLength.description.
2024-02-15 18:49:47.136 [warning] [cmake-tools]: Couldn't find message for key cmake-tools.configuration.cmake.options.advanced.statusBarLength.description.
2024-02-15 18:49:47.137 [warning] [cmake-tools]: Couldn't find message for key cmake-tools.configuration.cmake.options.advanced.statusBarLength.description.
2024-02-15 18:49:47.137 [warning] [cmake-tools]: Couldn't find message for key cmake-tools.configuration.cmake.options.advanced.statusBarLength.description.
2024-02-15 18:49:47.138 [warning] [cmake-tools]: Couldn't find message for key cmake-tools.configuration.cmake.options.advanced.statusBarLength.description.
2024-02-15 18:49:47.138 [warning] [cmake-tools]: Couldn't find message for key cmake-tools.configuration.cmake.options.advanced.statusBarLength.description.
2024-02-15 18:49:47.139 [warning] [cmake-tools]: Couldn't find message for key cmake-tools.configuration.cmake.options.advanced.statusBarLength.description.
2024-02-15 18:49:47.139 [warning] [cmake-tools]: Couldn't find message for key cmake-tools.configuration.cmake.options.advanced.statusBarLength.description.
2024-02-15 18:49:47.140 [warning] [cmake-tools]: Couldn't find message for key cmake-tools.configuration.cmake.options.advanced.statusBarLength.description.
2024-02-15 18:49:47.140 [warning] [cmake-tools]: Couldn't find message for key cmake-tools.configuration.cmake.options.advanced.statusBarLength.description.
2024-02-15 18:49:47.140 [warning] [cmake-tools]: Couldn't find message for key cmake-tools.configuration.cmake.options.advanced.statusBarLength.description.
2024-02-15 18:49:47.140 [warning] [cmake-tools]: Couldn't find message for key cmake-tools.configuration.cmake.options.advanced.statusBarLength.description.
2024-02-15 18:49:47.140 [warning] [cmake-tools]: Couldn't find message for key cmake-tools.configuration.cmake.options.advanced.statusBarLength.description.
2024-02-15 19:19:46.012 [warning] [cmake-tools]: Couldn't find message for key cmake-tools.configuration.cmake.options.advanced.statusBarLength.description.
2024-02-15 19:19:46.012 [warning] [cmake-tools]: Couldn't find message for key cmake-tools.configuration.cmake.options.advanced.statusBarLength.description.
2024-02-15 19:19:46.013 [warning] [cmake-tools]: Couldn't find message for key cmake-tools.configuration.cmake.options.advanced.statusBarLength.description.
2024-02-15 19:19:46.013 [warning] [cmake-tools]: Couldn't find message for key cmake-tools.configuration.cmake.options.advanced.statusBarLength.description.
2024-02-15 19:19:46.013 [warning] [cmake-tools]: Couldn't find message for key cmake-tools.configuration.cmake.options.advanced.statusBarLength.description.
2024-02-15 19:19:46.013 [warning] [cmake-tools]: Couldn't find message for key cmake-tools.configuration.cmake.options.advanced.statusBarLength.description.
2024-02-15 19:19:46.013 [warning] [cmake-tools]: Couldn't find message for key cmake-tools.configuration.cmake.options.advanced.statusBarLength.description.
2024-02-15 19:19:46.013 [warning] [cmake-tools]: Couldn't find message for key cmake-tools.configuration.cmake.options.advanced.statusBarLength.description.
2024-02-15 19:19:46.013 [warning] [cmake-tools]: Couldn't find message for key cmake-tools.configuration.cmake.options.advanced.statusBarLength.description.
2024-02-15 19:19:46.013 [warning] [cmake-tools]: Couldn't find message for key cmake-tools.configuration.cmake.options.advanced.statusBarLength.description.
2024-02-15 19:19:46.013 [warning] [cmake-tools]: Couldn't find message for key cmake-tools.configuration.cmake.options.advanced.statusBarLength.description.
2024-02-15 19:19:46.013 [warning] [cmake-tools]: Couldn't find message for key cmake-tools.configuration.cmake.options.advanced.statusBarLength.description.
2024-02-15 19:24:46.292 [warning] [cmake-tools]: Couldn't find message for key cmake-tools.configuration.cmake.options.advanced.statusBarLength.description.
2024-02-15 19:24:46.292 [warning] [cmake-tools]: Couldn't find message for key cmake-tools.configuration.cmake.options.advanced.statusBarLength.description.
2024-02-15 19:24:46.293 [warning] [cmake-tools]: Couldn't find message for key cmake-tools.configuration.cmake.options.advanced.statusBarLength.description.
2024-02-15 19:24:46.293 [warning] [cmake-tools]: Couldn't find message for key cmake-tools.configuration.cmake.options.advanced.statusBarLength.description.
2024-02-15 19:24:46.293 [warning] [cmake-tools]: Couldn't find message for key cmake-tools.configuration.cmake.options.advanced.statusBarLength.description.
2024-02-15 19:24:46.293 [warning] [cmake-tools]: Couldn't find message for key cmake-tools.configuration.cmake.options.advanced.statusBarLength.description.
2024-02-15 19:24:46.293 [warning] [cmake-tools]: Couldn't find message for key cmake-tools.configuration.cmake.options.advanced.statusBarLength.description.
2024-02-15 19:24:46.293 [warning] [cmake-tools]: Couldn't find message for key cmake-tools.configuration.cmake.options.advanced.statusBarLength.description.
2024-02-15 19:24:46.294 [warning] [cmake-tools]: Couldn't find message for key cmake-tools.configuration.cmake.options.advanced.statusBarLength.description.
2024-02-15 19:24:46.295 [warning] [cmake-tools]: Couldn't find message for key cmake-tools.configuration.cmake.options.advanced.statusBarLength.description.
2024-02-15 19:24:46.295 [warning] [cmake-tools]: Couldn't find message for key cmake-tools.configuration.cmake.options.advanced.statusBarLength.description.
2024-02-15 19:24:46.296 [warning] [cmake-tools]: Couldn't find message for key cmake-tools.configuration.cmake.options.advanced.statusBarLength.description.
2024-02-15 19:29:46.467 [warning] [cmake-tools]: Couldn't find message for key cmake-tools.configuration.cmake.options.advanced.statusBarLength.description.
2024-02-15 19:29:46.468 [warning] [cmake-tools]: Couldn't find message for key cmake-tools.configuration.cmake.options.advanced.statusBarLength.description.
2024-02-15 19:29:46.468 [warning] [cmake-tools]: Couldn't find message for key cmake-tools.configuration.cmake.options.advanced.statusBarLength.description.
2024-02-15 19:29:46.468 [warning] [cmake-tools]: Couldn't find message for key cmake-tools.configuration.cmake.options.advanced.statusBarLength.description.
2024-02-15 19:29:46.469 [warning] [cmake-tools]: Couldn't find message for key cmake-tools.configuration.cmake.options.advanced.statusBarLength.description.
2024-02-15 19:29:46.469 [warning] [cmake-tools]: Couldn't find message for key cmake-tools.configuration.cmake.options.advanced.statusBarLength.description.
2024-02-15 19:29:46.469 [warning] [cmake-tools]: Couldn't find message for key cmake-tools.configuration.cmake.options.advanced.statusBarLength.description.
2024-02-15 19:29:46.470 [warning] [cmake-tools]: Couldn't find message for key cmake-tools.configuration.cmake.options.advanced.statusBarLength.description.
2024-02-15 19:29:46.470 [warning] [cmake-tools]: Couldn't find message for key cmake-tools.configuration.cmake.options.advanced.statusBarLength.description.
2024-02-15 19:29:46.470 [warning] [cmake-tools]: Couldn't find message for key cmake-tools.configuration.cmake.options.advanced.statusBarLength.description.
2024-02-15 19:29:46.471 [warning] [cmake-tools]: Couldn't find message for key cmake-tools.configuration.cmake.options.advanced.statusBarLength.description.
2024-02-15 19:29:46.471 [warning] [cmake-tools]: Couldn't find message for key cmake-tools.configuration.cmake.options.advanced.statusBarLength.description.
2024-02-15 19:34:46.626 [warning] [cmake-tools]: Couldn't find message for key cmake-tools.configuration.cmake.options.advanced.statusBarLength.description.
2024-02-15 19:34:46.626 [warning] [cmake-tools]: Couldn't find message for key cmake-tools.configuration.cmake.options.advanced.statusBarLength.description.
2024-02-15 19:34:46.627 [warning] [cmake-tools]: Couldn't find message for key cmake-tools.configuration.cmake.options.advanced.statusBarLength.description.
2024-02-15 19:34:46.627 [warning] [cmake-tools]: Couldn't find message for key cmake-tools.configuration.cmake.options.advanced.statusBarLength.description.
2024-02-15 19:34:46.627 [warning] [cmake-tools]: Couldn't find message for key cmake-tools.configuration.cmake.options.advanced.statusBarLength.description.
2024-02-15 19:34:46.628 [warning] [cmake-tools]: Couldn't find message for key cmake-tools.configuration.cmake.options.advanced.statusBarLength.description.
2024-02-15 19:34:46.628 [warning] [cmake-tools]: Couldn't find message for key cmake-tools.configuration.cmake.options.advanced.statusBarLength.description.
2024-02-15 19:34:46.628 [warning] [cmake-tools]: Couldn't find message for key cmake-tools.configuration.cmake.options.advanced.statusBarLength.description.
2024-02-15 19:34:46.628 [warning] [cmake-tools]: Couldn't find message for key cmake-tools.configuration.cmake.options.advanced.statusBarLength.description.
2024-02-15 19:34:46.629 [warning] [cmake-tools]: Couldn't find message for key cmake-tools.configuration.cmake.options.advanced.statusBarLength.description.
2024-02-15 19:34:46.629 [warning] [cmake-tools]: Couldn't find message for key cmake-tools.configuration.cmake.options.advanced.statusBarLength.description.
2024-02-15 19:34:46.629 [warning] [cmake-tools]: Couldn't find message for key cmake-tools.configuration.cmake.options.advanced.statusBarLength.description.
2024-02-15 19:39:46.846 [warning] [cmake-tools]: Couldn't find message for key cmake-tools.configuration.cmake.options.advanced.statusBarLength.description.
2024-02-15 19:39:46.846 [warning] [cmake-tools]: Couldn't find message for key cmake-tools.configuration.cmake.options.advanced.statusBarLength.description.
2024-02-15 19:39:46.847 [warning] [cmake-tools]: Couldn't find message for key cmake-tools.configuration.cmake.options.advanced.statusBarLength.description.
2024-02-15 19:39:46.847 [warning] [cmake-tools]: Couldn't find message for key cmake-tools.configuration.cmake.options.advanced.statusBarLength.description.
2024-02-15 19:39:46.847 [warning] [cmake-tools]: Couldn't find message for key cmake-tools.configuration.cmake.options.advanced.statusBarLength.description.
2024-02-15 19:39:46.848 [warning] [cmake-tools]: Couldn't find message for key cmake-tools.configuration.cmake.options.advanced.statusBarLength.description.
2024-02-15 19:39:46.848 [warning] [cmake-tools]: Couldn't find message for key cmake-tools.configuration.cmake.options.advanced.statusBarLength.description.
2024-02-15 19:39:46.848 [warning] [cmake-tools]: Couldn't find message for key cmake-tools.configuration.cmake.options.advanced.statusBarLength.description.
2024-02-15 19:39:46.849 [warning] [cmake-tools]: Couldn't find message for key cmake-tools.configuration.cmake.options.advanced.statusBarLength.description.
2024-02-15 19:39:46.849 [warning] [cmake-tools]: Couldn't find message for key cmake-tools.configuration.cmake.options.advanced.statusBarLength.description.
2024-02-15 19:39:46.849 [warning] [cmake-tools]: Couldn't find message for key cmake-tools.configuration.cmake.options.advanced.statusBarLength.description.
2024-02-15 19:39:46.850 [warning] [cmake-tools]: Couldn't find message for key cmake-tools.configuration.cmake.options.advanced.statusBarLength.description.
2024-02-15 19:44:47.026 [warning] [cmake-tools]: Couldn't find message for key cmake-tools.configuration.cmake.options.advanced.statusBarLength.description.
2024-02-15 19:44:47.026 [warning] [cmake-tools]: Couldn't find message for key cmake-tools.configuration.cmake.options.advanced.statusBarLength.description.
2024-02-15 19:44:47.026 [warning] [cmake-tools]: Couldn't find message for key cmake-tools.configuration.cmake.options.advanced.statusBarLength.description.
2024-02-15 19:44:47.027 [warning] [cmake-tools]: Couldn't find message for key cmake-tools.configuration.cmake.options.advanced.statusBarLength.description.
2024-02-15 19:44:47.027 [warning] [cmake-tools]: Couldn't find message for key cmake-tools.configuration.cmake.options.advanced.statusBarLength.description.
2024-02-15 19:44:47.028 [warning] [cmake-tools]: Couldn't find message for key cmake-tools.configuration.cmake.options.advanced.statusBarLength.description.
2024-02-15 19:44:47.028 [warning] [cmake-tools]: Couldn't find message for key cmake-tools.configuration.cmake.options.advanced.statusBarLength.description.
2024-02-15 19:44:47.028 [warning] [cmake-tools]: Couldn't find message for key cmake-tools.configuration.cmake.options.advanced.statusBarLength.description.
2024-02-15 19:44:47.029 [warning] [cmake-tools]: Couldn't find message for key cmake-tools.configuration.cmake.options.advanced.statusBarLength.description.
2024-02-15 19:44:47.029 [warning] [cmake-tools]: Couldn't find message for key cmake-tools.configuration.cmake.options.advanced.statusBarLength.description.
2024-02-15 19:44:47.030 [warning] [cmake-tools]: Couldn't find message for key cmake-tools.configuration.cmake.options.advanced.statusBarLength.description.
2024-02-15 19:44:47.030 [warning] [cmake-tools]: Couldn't find message for key cmake-tools.configuration.cmake.options.advanced.statusBarLength.description.
2024-02-15 19:49:47.197 [warning] [cmake-tools]: Couldn't find message for key cmake-tools.configuration.cmake.options.advanced.statusBarLength.description.
2024-02-15 19:49:47.198 [warning] [cmake-tools]: Couldn't find message for key cmake-tools.configuration.cmake.options.advanced.statusBarLength.description.
2024-02-15 19:49:47.198 [warning] [cmake-tools]: Couldn't find message for key cmake-tools.configuration.cmake.options.advanced.statusBarLength.description.
2024-02-15 19:49:47.199 [warning] [cmake-tools]: Couldn't find message for key cmake-tools.configuration.cmake.options.advanced.statusBarLength.description.
2024-02-15 19:49:47.199 [warning] [cmake-tools]: Couldn't find message for key cmake-tools.configuration.cmake.options.advanced.statusBarLength.description.
2024-02-15 19:49:47.199 [warning] [cmake-tools]: Couldn't find message for key cmake-tools.configuration.cmake.options.advanced.statusBarLength.description.
2024-02-15 19:49:47.200 [warning] [cmake-tools]: Couldn't find message for key cmake-tools.configuration.cmake.options.advanced.statusBarLength.description.
2024-02-15 19:49:47.200 [warning] [cmake-tools]: Couldn't find message for key cmake-tools.configuration.cmake.options.advanced.statusBarLength.description.
2024-02-15 19:49:47.200 [warning] [cmake-tools]: Couldn't find message for key cmake-tools.configuration.cmake.options.advanced.statusBarLength.description.
2024-02-15 19:49:47.201 [warning] [cmake-tools]: Couldn't find message for key cmake-tools.configuration.cmake.options.advanced.statusBarLength.description.
2024-02-15 19:49:47.201 [warning] [cmake-tools]: Couldn't find message for key cmake-tools.configuration.cmake.options.advanced.statusBarLength.description.
2024-02-15 19:49:47.201 [warning] [cmake-tools]: Couldn't find message for key cmake-tools.configuration.cmake.options.advanced.statusBarLength.description.
2024-02-15 19:54:47.397 [warning] [cmake-tools]: Couldn't find message for key cmake-tools.configuration.cmake.options.advanced.statusBarLength.description.
2024-02-15 19:54:47.397 [warning] [cmake-tools]: Couldn't find message for key cmake-tools.configuration.cmake.options.advanced.statusBarLength.description.
2024-02-15 19:54:47.398 [warning] [cmake-tools]: Couldn't find message for key cmake-tools.configuration.cmake.options.advanced.statusBarLength.description.
2024-02-15 19:54:47.398 [warning] [cmake-tools]: Couldn't find message for key cmake-tools.configuration.cmake.options.advanced.statusBarLength.description.
2024-02-15 19:54:47.398 [warning] [cmake-tools]: Couldn't find message for key cmake-tools.configuration.cmake.options.advanced.statusBarLength.description.
2024-02-15 19:54:47.398 [warning] [cmake-tools]: Couldn't find message for key cmake-tools.configuration.cmake.options.advanced.statusBarLength.description.
2024-02-15 19:54:47.399 [warning] [cmake-tools]: Couldn't find message for key cmake-tools.configuration.cmake.options.advanced.statusBarLength.description.
2024-02-15 19:54:47.400 [warning] [cmake-tools]: Couldn't find message for key cmake-tools.configuration.cmake.options.advanced.statusBarLength.description.
2024-02-15 19:54:47.401 [warning] [cmake-tools]: Couldn't find message for key cmake-tools.configuration.cmake.options.advanced.statusBarLength.description.
2024-02-15 19:54:47.402 [warning] [cmake-tools]: Couldn't find message for key cmake-tools.configuration.cmake.options.advanced.statusBarLength.description.
2024-02-15 19:54:47.402 [warning] [cmake-tools]: Couldn't find message for key cmake-tools.configuration.cmake.options.advanced.statusBarLength.description.
2024-02-15 19:54:47.402 [warning] [cmake-tools]: Couldn't find message for key cmake-tools.configuration.cmake.options.advanced.statusBarLength.description.
2024-02-15 19:59:47.559 [warning] [cmake-tools]: Couldn't find message for key cmake-tools.configuration.cmake.options.advanced.statusBarLength.description.
2024-02-15 19:59:47.559 [warning] [cmake-tools]: Couldn't find message for key cmake-tools.configuration.cmake.options.advanced.statusBarLength.description.
2024-02-15 19:59:47.560 [warning] [cmake-tools]: Couldn't find message for key cmake-tools.configuration.cmake.options.advanced.statusBarLength.description.
2024-02-15 19:59:47.560 [warning] [cmake-tools]: Couldn't find message for key cmake-tools.configuration.cmake.options.advanced.statusBarLength.description.
2024-02-15 19:59:47.560 [warning] [cmake-tools]: Couldn't find message for key cmake-tools.configuration.cmake.options.advanced.statusBarLength.description.
2024-02-15 19:59:47.561 [warning] [cmake-tools]: Couldn't find message for key cmake-tools.configuration.cmake.options.advanced.statusBarLength.description.
2024-02-15 19:59:47.561 [warning] [cmake-tools]: Couldn't find message for key cmake-tools.configuration.cmake.options.advanced.statusBarLength.description.
2024-02-15 19:59:47.561 [warning] [cmake-tools]: Couldn't find message for key cmake-tools.configuration.cmake.options.advanced.statusBarLength.description.
2024-02-15 19:59:47.561 [warning] [cmake-tools]: Couldn't find message for key cmake-tools.configuration.cmake.options.advanced.statusBarLength.description.
2024-02-15 19:59:47.562 [warning] [cmake-tools]: Couldn't find message for key cmake-tools.configuration.cmake.options.advanced.statusBarLength.description.
2024-02-15 19:59:47.562 [warning] [cmake-tools]: Couldn't find message for key cmake-tools.configuration.cmake.options.advanced.statusBarLength.description.
2024-02-15 19:59:47.562 [warning] [cmake-tools]: Couldn't find message for key cmake-tools.configuration.cmake.options.advanced.statusBarLength.description.
2024-02-15 20:04:47.728 [warning] [cmake-tools]: Couldn't find message for key cmake-tools.configuration.cmake.options.advanced.statusBarLength.description.
2024-02-15 20:04:47.731 [warning] [cmake-tools]: Couldn't find message for key cmake-tools.configuration.cmake.options.advanced.statusBarLength.description.
2024-02-15 20:04:47.731 [warning] [cmake-tools]: Couldn't find message for key cmake-tools.configuration.cmake.options.advanced.statusBarLength.description.
2024-02-15 20:04:47.731 [warning] [cmake-tools]: Couldn't find message for key cmake-tools.configuration.cmake.options.advanced.statusBarLength.description.
2024-02-15 20:04:47.732 [warning] [cmake-tools]: Couldn't find message for key cmake-tools.configuration.cmake.options.advanced.statusBarLength.description.
2024-02-15 20:04:47.732 [warning] [cmake-tools]: Couldn't find message for key cmake-tools.configuration.cmake.options.advanced.statusBarLength.description.
2024-02-15 20:04:47.732 [warning] [cmake-tools]: Couldn't find message for key cmake-tools.configuration.cmake.options.advanced.statusBarLength.description.
2024-02-15 20:04:47.733 [warning] [cmake-tools]: Couldn't find message for key cmake-tools.configuration.cmake.options.advanced.statusBarLength.description.
2024-02-15 20:04:47.733 [warning] [cmake-tools]: Couldn't find message for key cmake-tools.configuration.cmake.options.advanced.statusBarLength.description.
2024-02-15 20:04:47.734 [warning] [cmake-tools]: Couldn't find message for key cmake-tools.configuration.cmake.options.advanced.statusBarLength.description.
2024-02-15 20:04:47.734 [warning] [cmake-tools]: Couldn't find message for key cmake-tools.configuration.cmake.options.advanced.statusBarLength.description.
2024-02-15 20:04:47.734 [warning] [cmake-tools]: Couldn't find message for key cmake-tools.configuration.cmake.options.advanced.statusBarLength.description.
